,car_type,location,brand,model,version,year,fuel_type,transmission_type,distance_driven,price
0,Hatchback,New Delhi,Maruti,Swift,VDI,2012,Diesel,Manual,"31,084 km","₹3,14,499"
1,Hatchback,New Delhi,Maruti,Swift,VDI ABS,2015,Diesel,Manual,"37,925 km","₹4,05,199"
2,Hatchback,New Delhi,Tata,Tiago,XZ 1.2 REVOTRON,2018,Petrol,Manual,"25,562 km","₹4,90,999"
3,Hatchback,New Delhi,Maruti,Alto K10,VXI,2019,Petrol,Manual,"8,574 km","₹4,14,799"
4,Hatchback,New Delhi,Maruti,Baleno,DELTA 1.2 K12,2019,Petrol,Manual,"20,976 km","₹6,91,199"
5,Hatchback,New Delhi,Ford,New Figo,1.5 TITANIUM,2017,Diesel,Manual,"41,678 km","₹4,82,699"
6,Hatchback,New Delhi,Tata,Tiago,XT 1.2 REVOTRON,2017,Petrol,Manual,"80,573 km","₹4,59,599"
7,Hatchback,New Delhi,Maruti,Baleno,DELTA 1.2 K12,2017,Petrol,Manual,"20,990 km","₹6,05,699"
8,Hatchback,New Delhi,Maruti,Swift,VDI ABS,2015,Diesel,Manual,"53,260 km","₹5,98,999"
9,Hatchback,New Delhi,Renault,Kwid,RXL,2021,Petrol,Manual,"1,529 km","₹4,59,599"
10,Hatchback,New Delhi,Maruti,Swift,VDI ABS,2015,Diesel,Manual,"76,264 km","₹4,55,299"
11,Hatchback,New Delhi,Maruti,Swift,VDI,2014,Diesel,Manual,"41,996 km","₹4,12,299"
12,Hatchback,New Delhi,Maruti,Swift,VDI,2014,Diesel,Manual,"1,02,773 km","₹4,30,299"
13,Hatchback,New Delhi,Maruti,Swift,VDI,2014,Diesel,Manual,"1,07,030 km","₹4,21,699"
14,Hatchback,New Delhi,Hyundai,i20,MAGNA O 1.2,2011,Petrol,Manual,"44,007 km","₹2,58,999"
15,Hatchback,New Delhi,Hyundai,i10,ERA 1.1 IRDE,2011,Petrol,Manual,"55,623 km","₹1,88,799"
16,Hatchback,New Delhi,Hyundai,Grand i10,MAGNA 1.2 KAPPA VTVT,2016,Petrol,Manual,"26,951 km","₹4,15,399"
17,Hatchback,New Delhi,Maruti,Wagon R,LXI MINOR,2009,Petrol,Manual,"36,035 km","₹1,48,199"
18,Hatchback,New Delhi,Maruti,Alto,LXI,2020,Petrol + CNG,Manual,"19,593 km","₹3,54,799"
19,Hatchback,New Delhi,Maruti,Alto,LXI,2009,Petrol,Manual,"1,19,227 km","₹1,26,399"
20,Hatchback,New Delhi,Renault,Kwid,RXT,2015,Petrol + CNG,Manual,"39,525 km","₹2,63,799"
21,Hatchback,New Delhi,Hyundai,Eon,D LITE PLUS,2013,Petrol,Manual,"1,06,269 km","₹1,93,699"
22,Hatchback,New Delhi,Volkswagen,Polo,COMFORTLINE 1.0 PETROL,2018,Petrol,Manual,"23,826 km","₹5,27,699"
23,Hatchback,New Delhi,Maruti,Swift,VDI ABS,2015,Diesel,Manual,"64,156 km","₹4,13,399"
24,Hatchback,New Delhi,Maruti,Baleno,SIGMA 1.2 K12,2016,Petrol,Manual,"57,595 km","₹4,01,199"
25,Hatchback,New Delhi,Maruti,Swift,VDI,2013,Diesel,Manual,"70,981 km","₹3,51,099"
26,Hatchback,New Delhi,Tata,Tiago,XZ 1.2 REVOTRON,2016,Petrol,Manual,"33,213 km","₹4,05,099"
27,Hatchback,New Delhi,Maruti,Swift,VDI,2014,Diesel,Manual,"64,370 km","₹3,72,899"
28,Hatchback,New Delhi,Hyundai,Elite i20,Magna Executive 1.2,2018,Petrol,Manual,"23,758 km","₹5,56,799"
29,Hatchback,New Delhi,Hyundai,Elite i20,SPORTZ 1.2,2017,Petrol,Manual,"64,918 km","₹5,03,999"
30,Hatchback,New Delhi,Maruti,Celerio,ZXI AMT,2017,Petrol,Automatic,"38,235 km","₹4,10,499"
31,Hatchback,New Delhi,Tata,Tiago,XT 1.2 REVOTRON,2019,Petrol,Manual,"34,685 km","₹4,50,299"
32,Hatchback,New Delhi,Maruti,Swift,ZXI PLUS AMT,2018,Petrol,Manual,"28,636 km","₹6,05,199"
33,Hatchback,New Delhi,Maruti,Swift,VDI,2018,Diesel,Manual,"66,535 km","₹5,62,399"
34,Hatchback,New Delhi,Maruti,Swift,VXI,2018,Petrol,Manual,"24,793 km","₹5,15,899"
35,Hatchback,New Delhi,Maruti,Celerio,VXI,2018,Petrol,Manual,"7,179 km","₹4,17,099"
36,Hatchback,New Delhi,Datsun,Redi Go,1.0 S AT,2018,Petrol,,"21,607 km","₹3,40,399"
37,Hatchback,New Delhi,Maruti,Baleno,ZETA 1.2 K12,2018,Petrol,Manual,"37,284 km","₹6,09,999"
38,Hatchback,New Delhi,Maruti,Baleno,DELTA 1.2 K12,2019,Petrol,Manual,"21,930 km","₹6,01,799"
39,Hatchback,New Delhi,Maruti,Baleno,DELTA 1.2 K12,2020,Petrol,Manual,"11,679 km","₹6,63,599"
40,Hatchback,New Delhi,Maruti,Alto K10,VXI,2019,Petrol,Manual,"6,999 km","₹3,86,299"
41,Hatchback,New Delhi,Maruti,Celerio,VXI AMT,2014,Petrol,Automatic,"56,443 km","₹3,27,899"
42,Hatchback,New Delhi,Maruti,Baleno,DELTA 1.2 K12,2019,Petrol,Manual,"19,525 km","₹6,44,499"
43,Hatchback,New Delhi,Maruti,Swift,ZDI,2016,Diesel,Manual,"57,783 km","₹4,52,999"
44,Hatchback,New Delhi,Maruti,Wagon R 1.0,VXI,2017,Petrol,Manual,"4,956 km","₹3,89,199"
45,Hatchback,New Delhi,Maruti,Alto,VXI,2019,Petrol,Manual,"13,299 km","₹3,55,499"
46,Hatchback,New Delhi,Maruti,Swift,VDI ABS,2015,Diesel,Manual,"63,600 km","₹4,40,299"
47,Hatchback,New Delhi,Maruti,Swift,VDI ABS,2015,Diesel,Manual,"1,64,520 km","₹3,82,699"
48,Hatchback,New Delhi,Maruti,Alto 800,LXI,2017,Petrol,Manual,"63,567 km","₹3,48,699"
49,Hatchback,New Delhi,Maruti,Alto K10,VXI OPT,2016,Petrol,Manual,"21,918 km","₹3,07,099"
50,Hatchback,New Delhi,Maruti,Alto 800,LXI,2018,Petrol,Manual,"12,083 km","₹3,11,299"
51,Hatchback,New Delhi,Maruti,Alto 800,LXI,2017,Petrol,Manual,"2,335 km","₹3,11,999"
52,Hatchback,New Delhi,Renault,Kwid,RXL,2020,Petrol,Manual,"5,548 km","₹3,79,999"
53,Hatchback,New Delhi,Hyundai,Elite i20,1.4 CRDI ASTA (O),2016,Diesel,Manual,"78,560 km","₹5,15,500"
54,Hatchback,New Delhi,Maruti,Alto 800,VXI,2019,Petrol,Manual,"10,316 km","₹3,78,699"
55,Hatchback,New Delhi,Maruti,Swift,VDI ABS,2015,Diesel,Manual,"56,552 km","₹4,68,599"
56,Hatchback,New Delhi,Maruti,Swift,VDI ABS,2017,Diesel,Manual,"69,894 km","₹4,74,699"
57,Hatchback,New Delhi,Hyundai,Elite i20,SPORTZ 1.2,2018,Petrol,Manual,"48,582 km","₹5,90,199"
58,Hatchback,New Delhi,Maruti,Swift,VXI,2017,Petrol,Manual,"25,626 km","₹5,38,699"
59,Hatchback,New Delhi,Maruti,Swift,VXI,2019,Petrol,Manual,"31,304 km","₹5,25,499"
60,Hatchback,New Delhi,Hyundai,Grand i10,MAGNA 1.2 VTVT,2018,Petrol,Manual,"16,558 km","₹4,83,399"
61,Sedan,New Delhi,Maruti,Swift Dzire,VDI ABS,2015,Diesel,Manual,"72,380 km","₹4,80,099"
62,Sedan,New Delhi,Maruti,Ciaz,VXI,2017,Petrol,Manual,"55,212 km","₹5,83,799"
63,Sedan,New Delhi,Maruti,Ciaz,VDI PLUS,2014,Diesel,Manual,"62,366 km","₹5,25,199"
64,Sedan,New Delhi,Maruti,Swift Dzire,LDI BS IV,2017,Diesel,Manual,"51,316 km","₹5,15,599"
65,Sedan,New Delhi,Maruti,Swift Dzire,VDI BS IV,2012,Diesel,Manual,"54,918 km","₹4,55,499"
66,Sedan,New Delhi,Volkswagen,Vento,COMFORTLINE MT PETROL,2016,Petrol,Manual,"19,369 km","₹5,73,799"
67,Sedan,New Delhi,Volkswagen,Ameo,TRENDLINE 1.2,2017,Petrol,Manual,"40,293 km","₹5,17,799"
68,Sedan,New Delhi,Honda,Amaze,1.5 SMT I DTEC,2013,Diesel,Manual,"93,447 km","₹2,54,399"
69,Sedan,New Delhi,Honda,Amaze,1.2 V MT I-VTEC,2020,Petrol,Manual,"13,903 km","₹6,91,599"
70,Sedan,New Delhi,Honda,Amaze,1.2 SMT I VTEC,2015,Petrol,Manual,"62,462 km","₹4,89,699"
71,Sedan,New Delhi,Maruti,Ciaz,DELTA 1.5 SHVS VVT MT,2019,Petrol,Manual,"7,620 km","₹8,25,399"
72,Sedan,New Delhi,Honda,Amaze,1.2 SMT I VTEC,2016,Petrol + CNG,Manual,"66,399 km","₹4,82,099"
73,Sedan,New Delhi,Honda,City,ZX CVT,2020,Petrol,Automatic,"10,322 km","₹12,71,199"
74,Sedan,New Delhi,Ford,Figo Aspire,1.2 TITANIUM PETROL,2017,Petrol,Manual,"41,186 km","₹4,60,199"
75,Sedan,New Delhi,Maruti,Swift Dzire,LDI BS IV,2013,Diesel,Manual,"49,944 km","₹3,54,299"
76,Sedan,New Delhi,Maruti,Swift Dzire,VXI 1.2 BS IV,2015,Petrol,Manual,"61,732 km","₹4,76,699"
77,Sedan,New Delhi,Maruti,Swift Dzire,ZDI,2012,Diesel,Manual,"52,479 km","₹3,79,299"
78,Sedan,New Delhi,Hyundai,Verna,FLUIDIC 1.6 SX CRDI OPT,2013,Diesel,Manual,"53,517 km","₹4,82,299"
79,Sedan,New Delhi,Hyundai,Verna,S PETROL MT,2020,Petrol,Manual,"19,158 km","₹8,87,099"
80,Sedan,New Delhi,Skoda,Rapid,1.5 TDI AT STYLE PLUS,2017,Diesel,Automatic,"1,38,467 km","₹5,99,099"
81,Sedan,New Delhi,Maruti,Dzire,VDI,2019,Diesel,Manual,"26,352 km","₹6,29,899"
82,SUV,New Delhi,Toyota,Innova,2.5 GX 7 STR BS IV,2014,Diesel,Manual,"86,859 km","₹7,08,499"
83,SUV,New Delhi,Toyota,Innova Crysta,Touring Sport Diesel AT,2017,Diesel,Automatic,"85,295 km","₹14,99,499"
84,SUV,New Delhi,Maruti,Vitara Brezza,ZDI,2016,Diesel,Manual,"21,675 km","₹7,17,099"
85,SUV,New Delhi,Maruti,Eeco,7 STR,2018,Petrol,Manual,"18,876 km","₹3,40,699"
86,SUV,New Delhi,Ford,Ecosport,1.5TITANIUM TDCI,2014,Diesel,Manual,"62,254 km","₹5,38,699"
87,SUV,New Delhi,Ford,Ecosport,1.5TITANIUM TDCI,2018,Diesel,Manual,"21,169 km","₹8,80,499"
88,SUV,New Delhi,Hyundai,Creta,1.6 S,2015,Petrol,Manual,"22,587 km","₹8,02,599"
89,SUV,New Delhi,Maruti,Vitara Brezza,ZDI,2016,Diesel,Manual,"72,378 km","₹6,58,799"
90,SUV,New Delhi,Maruti,Vitara Brezza,VDI OPT,2016,Diesel,Manual,"41,629 km","₹7,84,299"
91,SUV,New Delhi,Hyundai,Creta,1.6 SX PLUS DIESEL,2016,Diesel,Manual,"95,195 km","₹8,56,199"
92,SUV,New Delhi,Maruti,Vitara Brezza,VDI OPT,2017,Diesel,Manual,"34,749 km","₹8,27,899"
93,SUV,New Delhi,Maruti,Vitara Brezza,VDI OPT,2017,Diesel,Manual,"83,741 km","₹7,00,299"
94,SUV,New Delhi,Maruti,Vitara Brezza,VDI OPT,2018,Diesel,Manual,"71,192 km","₹7,19,399"
95,SUV,New Delhi,Maruti,Vitara Brezza,ZDI,2016,Diesel,Manual,"70,555 km","₹6,54,399"
96,SUV,New Delhi,Mahindra,Scorpio,S10,2016,Diesel,Manual,"61,012 km","₹9,92,899"
97,SUV,New Delhi,Maruti,XL6,ALPHA SHVS MT,2019,Petrol,Manual,"11,659 km","₹9,78,999"
98,SUV,New Delhi,Maruti,Vitara Brezza,VDI,2018,Diesel,Manual,"61,718 km","₹6,50,599"
99,SUV,New Delhi,Maruti,Vitara Brezza,VDI OPT,2018,Diesel,Manual,"60,395 km","₹6,83,399"
100,SUV,New Delhi,Maruti,Vitara Brezza,VDI OPT,2018,Diesel,Manual,"36,116 km","₹6,86,499"
101,SUV,New Delhi,Maruti,Vitara Brezza,VDI,2018,Diesel,Manual,"34,119 km","₹6,99,499"
102,SUV,New Delhi,Maruti,Vitara Brezza,VDI,2018,Diesel,Manual,"26,042 km","₹7,50,699"
103,SUV,New Delhi,Maruti,Vitara Brezza,VDI,2019,Diesel,Manual,"28,137 km","₹7,92,999"
104,SUV,New Delhi,Hyundai,Creta,1.4 E PLUS CRDI,2018,Diesel,,"32,387 km","₹8,95,399"
105,SUV,New Delhi,Hyundai,Creta,1.6 SX PLUS DIESEL,2015,Diesel,Manual,"80,045 km","₹7,76,799"
106,SUV,New Delhi,Maruti,Vitara Brezza,ZDI,2016,Diesel,Manual,"1,05,991 km","₹6,33,799"
107,SUV,New Delhi,Maruti,Eeco,7 STR,2018,Petrol,Manual,"72,019 km","₹3,29,399"
108,SUV,New Delhi,Hyundai,VENUE,1.0 TURBO GDI SX+ AT,2019,Petrol,Automatic,"7,676 km","₹9,95,499"
109,SUV,New Delhi,Maruti,Vitara Brezza,ZDI AMT,2018,Diesel,Automatic,"43,568 km","₹7,83,999"
110,SUV,New Delhi,Maruti,Vitara Brezza,VDI,2018,Diesel,Manual,"40,458 km","₹7,79,299"
111,SUV,New Delhi,Maruti,Vitara Brezza,ZDI + AMT,2018,Diesel,Automatic,"28,144 km","₹9,13,699"
112,SUV,New Delhi,Maruti,Eeco,5 STR CNG WITH AC PLUSHTR,2018,Petrol + CNG,Manual,"36,507 km","₹3,43,699"
113,SUV,New Delhi,Maruti,Vitara Brezza,VDI,2018,Diesel,Manual,"20,245 km","₹7,69,899"
114,SUV,New Delhi,Hyundai,Creta,1.6 E + VTVT,2018,Petrol,Manual,"39,294 km","₹8,98,999"
115,SUV,New Delhi,Maruti,Vitara Brezza,VDI,2019,Diesel,Manual,"31,245 km","₹7,89,499"
116,SUV,New Delhi,Maruti,Vitara Brezza,ZDI,2016,Diesel,Manual,"92,569 km","₹6,69,099"
117,Luxury Sedan,New Delhi,BMW,3 Series,320D,2015,Diesel,Automatic,"33,958 km","₹18,42,699"
118,Luxury Sedan,New Delhi,Mercedes,Benz E Class,E200 CGI EDITION E,2016,Petrol,Manual,"19,041 km","₹23,22,099"
119,Luxury SUV,New Delhi,Audi,Q3,35 TDI Quattro,2015,Diesel,Automatic,"67,720 km","₹15,60,499"
120,Luxury SUV,New Delhi,Ssangyong,Rexton,RX 6,2014,Diesel,Manual,"45,187 km","₹6,48,399"
121,Hatchback,Noida,Maruti,Swift,VDI,2012,Diesel,Manual,"31,084 km","₹3,14,499"
122,Hatchback,Noida,Maruti,Swift,VDI ABS,2015,Diesel,Manual,"37,925 km","₹4,05,199"
123,Hatchback,Noida,Tata,Tiago,XZ 1.2 REVOTRON,2018,Petrol,Manual,"25,562 km","₹4,90,999"
124,Hatchback,Noida,Maruti,Alto K10,VXI,2019,Petrol,Manual,"8,574 km","₹4,14,799"
125,Hatchback,Noida,Maruti,Baleno,DELTA 1.2 K12,2019,Petrol,Manual,"20,976 km","₹6,91,199"
126,Hatchback,Noida,Ford,New Figo,1.5 TITANIUM,2017,Diesel,Manual,"41,678 km","₹4,82,699"
127,Hatchback,Noida,Tata,Tiago,XT 1.2 REVOTRON,2017,Petrol,Manual,"80,573 km","₹4,59,599"
128,Hatchback,Noida,Maruti,Baleno,DELTA 1.2 K12,2017,Petrol,Manual,"20,990 km","₹6,05,699"
129,Hatchback,Noida,Maruti,Swift,VDI ABS,2015,Diesel,Manual,"53,260 km","₹5,98,999"
130,Hatchback,Noida,Renault,Kwid,RXL,2021,Petrol,Manual,"1,529 km","₹4,59,599"
131,Hatchback,Noida,Maruti,Swift,VDI ABS,2015,Diesel,Manual,"76,264 km","₹4,55,299"
132,Hatchback,Noida,Maruti,Swift,VDI,2014,Diesel,Manual,"41,996 km","₹4,12,299"
133,Hatchback,Noida,Maruti,Swift,VDI,2014,Diesel,Manual,"1,02,773 km","₹4,30,299"
134,Hatchback,Noida,Maruti,Swift,VDI,2014,Diesel,Manual,"1,07,030 km","₹4,21,699"
135,Hatchback,Noida,Hyundai,i20,MAGNA O 1.2,2011,Petrol,Manual,"44,007 km","₹2,58,999"
136,Hatchback,Noida,Hyundai,i10,ERA 1.1 IRDE,2011,Petrol,Manual,"55,623 km","₹1,88,799"
137,Hatchback,Noida,Hyundai,Grand i10,MAGNA 1.2 KAPPA VTVT,2016,Petrol,Manual,"26,951 km","₹4,15,399"
138,Hatchback,Noida,Maruti,Wagon R,LXI MINOR,2009,Petrol,Manual,"36,035 km","₹1,48,199"
139,Hatchback,Noida,Maruti,Alto,LXI,2020,Petrol + CNG,Manual,"19,593 km","₹3,54,799"
140,Hatchback,Noida,Maruti,Alto,LXI,2009,Petrol,Manual,"1,19,227 km","₹1,26,399"
141,Hatchback,Noida,Renault,Kwid,RXT,2015,Petrol + CNG,Manual,"39,525 km","₹2,63,799"
142,Hatchback,Noida,Hyundai,Eon,D LITE PLUS,2013,Petrol,Manual,"1,06,269 km","₹1,93,699"
143,Hatchback,Noida,Volkswagen,Polo,COMFORTLINE 1.0 PETROL,2018,Petrol,Manual,"23,826 km","₹5,27,699"
144,Hatchback,Noida,Maruti,Swift,VDI ABS,2015,Diesel,Manual,"64,156 km","₹4,13,399"
145,Hatchback,Noida,Maruti,Baleno,SIGMA 1.2 K12,2016,Petrol,Manual,"57,595 km","₹4,01,199"
146,Hatchback,Noida,Maruti,Swift,VDI,2013,Diesel,Manual,"70,981 km","₹3,51,099"
147,Hatchback,Noida,Tata,Tiago,XZ 1.2 REVOTRON,2016,Petrol,Manual,"33,213 km","₹4,05,099"
148,Hatchback,Noida,Maruti,Swift,VDI,2014,Diesel,Manual,"64,370 km","₹3,72,899"
149,Hatchback,Noida,Hyundai,Elite i20,Magna Executive 1.2,2018,Petrol,Manual,"23,758 km","₹5,56,799"
150,Hatchback,Noida,Hyundai,Elite i20,SPORTZ 1.2,2017,Petrol,Manual,"64,918 km","₹5,03,999"
151,Hatchback,Noida,Maruti,Celerio,ZXI AMT,2017,Petrol,Automatic,"38,235 km","₹4,10,499"
152,Hatchback,Noida,Tata,Tiago,XT 1.2 REVOTRON,2019,Petrol,Manual,"34,685 km","₹4,50,299"
153,Hatchback,Noida,Maruti,Swift,ZXI PLUS AMT,2018,Petrol,Manual,"28,636 km","₹6,05,199"
154,Hatchback,Noida,Maruti,Swift,VDI,2018,Diesel,Manual,"66,535 km","₹5,62,399"
155,Hatchback,Noida,Maruti,Swift,VXI,2018,Petrol,Manual,"24,793 km","₹5,15,899"
156,Hatchback,Noida,Maruti,Celerio,VXI,2018,Petrol,Manual,"7,179 km","₹4,17,099"
157,Hatchback,Noida,Datsun,Redi Go,1.0 S AT,2018,Petrol,,"21,607 km","₹3,40,399"
158,Hatchback,Noida,Maruti,Baleno,ZETA 1.2 K12,2018,Petrol,Manual,"37,284 km","₹6,09,999"
159,Hatchback,Noida,Maruti,Baleno,DELTA 1.2 K12,2019,Petrol,Manual,"21,930 km","₹6,01,799"
160,Hatchback,Noida,Maruti,Baleno,DELTA 1.2 K12,2020,Petrol,Manual,"11,679 km","₹6,63,599"
161,Hatchback,Noida,Maruti,Alto K10,VXI,2019,Petrol,Manual,"6,999 km","₹3,86,299"
162,Hatchback,Noida,Maruti,Celerio,VXI AMT,2014,Petrol,Automatic,"56,443 km","₹3,27,899"
163,Hatchback,Noida,Maruti,Baleno,DELTA 1.2 K12,2019,Petrol,Manual,"19,525 km","₹6,44,499"
164,Hatchback,Noida,Maruti,Swift,ZDI,2016,Diesel,Manual,"57,783 km","₹4,52,999"
165,Hatchback,Noida,Maruti,Wagon R 1.0,VXI,2017,Petrol,Manual,"4,956 km","₹3,89,199"
166,Hatchback,Noida,Maruti,Alto,VXI,2019,Petrol,Manual,"13,299 km","₹3,55,499"
167,Hatchback,Noida,Maruti,Swift,VDI ABS,2015,Diesel,Manual,"63,600 km","₹4,40,299"
168,Hatchback,Noida,Maruti,Swift,VDI ABS,2015,Diesel,Manual,"1,64,520 km","₹3,82,699"
169,Hatchback,Noida,Maruti,Alto 800,LXI,2017,Petrol,Manual,"63,567 km","₹3,48,699"
170,Hatchback,Noida,Maruti,Alto K10,VXI OPT,2016,Petrol,Manual,"21,918 km","₹3,07,099"
171,Hatchback,Noida,Maruti,Alto 800,LXI,2018,Petrol,Manual,"12,083 km","₹3,11,299"
172,Hatchback,Noida,Maruti,Alto 800,LXI,2017,Petrol,Manual,"2,335 km","₹3,11,999"
173,Hatchback,Noida,Renault,Kwid,RXL,2020,Petrol,Manual,"5,548 km","₹3,79,999"
174,Hatchback,Noida,Hyundai,Elite i20,1.4 CRDI ASTA (O),2016,Diesel,Manual,"78,560 km","₹5,15,500"
175,Hatchback,Noida,Maruti,Alto 800,VXI,2019,Petrol,Manual,"10,316 km","₹3,78,699"
176,Hatchback,Noida,Maruti,Swift,VDI ABS,2015,Diesel,Manual,"56,552 km","₹4,68,599"
177,Hatchback,Noida,Maruti,Swift,VDI ABS,2017,Diesel,Manual,"69,894 km","₹4,74,699"
178,Hatchback,Noida,Hyundai,Elite i20,SPORTZ 1.2,2018,Petrol,Manual,"48,582 km","₹5,90,199"
179,Hatchback,Noida,Maruti,Swift,VXI,2017,Petrol,Manual,"25,626 km","₹5,38,699"
180,Hatchback,Noida,Maruti,Swift,VXI,2019,Petrol,Manual,"31,304 km","₹5,25,499"
181,Hatchback,Noida,Hyundai,Grand i10,MAGNA 1.2 VTVT,2018,Petrol,Manual,"16,558 km","₹4,83,399"
182,Sedan,Noida,Maruti,Swift Dzire,VDI ABS,2015,Diesel,Manual,"72,380 km","₹4,80,099"
183,Sedan,Noida,Maruti,Ciaz,VXI,2017,Petrol,Manual,"55,212 km","₹5,83,799"
184,Sedan,Noida,Maruti,Ciaz,VDI PLUS,2014,Diesel,Manual,"62,366 km","₹5,25,199"
185,Sedan,Noida,Maruti,Swift Dzire,LDI BS IV,2017,Diesel,Manual,"51,316 km","₹5,15,599"
186,Sedan,Noida,Maruti,Swift Dzire,VDI BS IV,2012,Diesel,Manual,"54,918 km","₹4,55,499"
187,Sedan,Noida,Volkswagen,Vento,COMFORTLINE MT PETROL,2016,Petrol,Manual,"19,369 km","₹5,73,799"
188,Sedan,Noida,Volkswagen,Ameo,TRENDLINE 1.2,2017,Petrol,Manual,"40,293 km","₹5,17,799"
189,Sedan,Noida,Honda,Amaze,1.5 SMT I DTEC,2013,Diesel,Manual,"93,447 km","₹2,54,399"
190,Sedan,Noida,Honda,Amaze,1.2 V MT I-VTEC,2020,Petrol,Manual,"13,903 km","₹6,91,599"
191,Sedan,Noida,Honda,Amaze,1.2 SMT I VTEC,2015,Petrol,Manual,"62,462 km","₹4,89,699"
192,Sedan,Noida,Maruti,Ciaz,DELTA 1.5 SHVS VVT MT,2019,Petrol,Manual,"7,620 km","₹8,25,399"
193,Sedan,Noida,Honda,Amaze,1.2 SMT I VTEC,2016,Petrol + CNG,Manual,"66,399 km","₹4,82,099"
194,Sedan,Noida,Honda,City,ZX CVT,2020,Petrol,Automatic,"10,322 km","₹12,71,199"
195,Sedan,Noida,Ford,Figo Aspire,1.2 TITANIUM PETROL,2017,Petrol,Manual,"41,186 km","₹4,60,199"
196,Sedan,Noida,Maruti,Swift Dzire,LDI BS IV,2013,Diesel,Manual,"49,944 km","₹3,54,299"
197,Sedan,Noida,Maruti,Swift Dzire,VXI 1.2 BS IV,2015,Petrol,Manual,"61,732 km","₹4,76,699"
198,Sedan,Noida,Maruti,Swift Dzire,ZDI,2012,Diesel,Manual,"52,479 km","₹3,79,299"
199,Sedan,Noida,Hyundai,Verna,FLUIDIC 1.6 SX CRDI OPT,2013,Diesel,Manual,"53,517 km","₹4,82,299"
200,Sedan,Noida,Hyundai,Verna,S PETROL MT,2020,Petrol,Manual,"19,158 km","₹8,87,099"
201,Sedan,Noida,Skoda,Rapid,1.5 TDI AT STYLE PLUS,2017,Diesel,Automatic,"1,38,467 km","₹5,99,099"
202,Sedan,Noida,Maruti,Dzire,VDI,2019,Diesel,Manual,"26,352 km","₹6,29,899"
203,SUV,Noida,Toyota,Innova,2.5 GX 7 STR BS IV,2014,Diesel,Manual,"86,859 km","₹7,08,499"
204,SUV,Noida,Toyota,Innova Crysta,Touring Sport Diesel AT,2017,Diesel,Automatic,"85,295 km","₹14,99,499"
205,SUV,Noida,Maruti,Vitara Brezza,ZDI,2016,Diesel,Manual,"21,675 km","₹7,17,099"
206,SUV,Noida,Maruti,Eeco,7 STR,2018,Petrol,Manual,"18,876 km","₹3,40,699"
207,SUV,Noida,Ford,Ecosport,1.5TITANIUM TDCI,2014,Diesel,Manual,"62,254 km","₹5,38,699"
208,SUV,Noida,Ford,Ecosport,1.5TITANIUM TDCI,2018,Diesel,Manual,"21,169 km","₹8,80,499"
209,SUV,Noida,Hyundai,Creta,1.6 S,2015,Petrol,Manual,"22,587 km","₹8,02,599"
210,SUV,Noida,Maruti,Vitara Brezza,ZDI,2016,Diesel,Manual,"72,378 km","₹6,58,799"
211,SUV,Noida,Maruti,Vitara Brezza,VDI OPT,2016,Diesel,Manual,"41,629 km","₹7,84,299"
212,SUV,Noida,Hyundai,Creta,1.6 SX PLUS DIESEL,2016,Diesel,Manual,"95,195 km","₹8,56,199"
213,SUV,Noida,Maruti,Vitara Brezza,VDI OPT,2017,Diesel,Manual,"34,749 km","₹8,27,899"
214,SUV,Noida,Maruti,Vitara Brezza,VDI OPT,2017,Diesel,Manual,"83,741 km","₹7,00,299"
215,SUV,Noida,Maruti,Vitara Brezza,VDI OPT,2018,Diesel,Manual,"71,192 km","₹7,19,399"
216,SUV,Noida,Maruti,Vitara Brezza,ZDI,2016,Diesel,Manual,"70,555 km","₹6,54,399"
217,SUV,Noida,Mahindra,Scorpio,S10,2016,Diesel,Manual,"61,012 km","₹9,92,899"
218,SUV,Noida,Maruti,XL6,ALPHA SHVS MT,2019,Petrol,Manual,"11,659 km","₹9,78,999"
219,SUV,Noida,Maruti,Vitara Brezza,VDI,2018,Diesel,Manual,"61,718 km","₹6,50,599"
220,SUV,Noida,Maruti,Vitara Brezza,VDI OPT,2018,Diesel,Manual,"60,395 km","₹6,83,399"
221,SUV,Noida,Maruti,Vitara Brezza,VDI OPT,2018,Diesel,Manual,"36,116 km","₹6,86,499"
222,SUV,Noida,Maruti,Vitara Brezza,VDI,2018,Diesel,Manual,"34,119 km","₹6,99,499"
223,SUV,Noida,Maruti,Vitara Brezza,VDI,2018,Diesel,Manual,"26,042 km","₹7,50,699"
224,SUV,Noida,Maruti,Vitara Brezza,VDI,2019,Diesel,Manual,"28,137 km","₹7,92,999"
225,SUV,Noida,Hyundai,Creta,1.4 E PLUS CRDI,2018,Diesel,,"32,387 km","₹8,95,399"
226,SUV,Noida,Hyundai,Creta,1.6 SX PLUS DIESEL,2015,Diesel,Manual,"80,045 km","₹7,76,799"
227,SUV,Noida,Maruti,Vitara Brezza,ZDI,2016,Diesel,Manual,"1,05,991 km","₹6,33,799"
228,SUV,Noida,Maruti,Eeco,7 STR,2018,Petrol,Manual,"72,019 km","₹3,29,399"
229,SUV,Noida,Hyundai,VENUE,1.0 TURBO GDI SX+ AT,2019,Petrol,Automatic,"7,676 km","₹9,95,499"
230,SUV,Noida,Maruti,Vitara Brezza,ZDI AMT,2018,Diesel,Automatic,"43,568 km","₹7,83,999"
231,SUV,Noida,Maruti,Vitara Brezza,VDI,2018,Diesel,Manual,"40,458 km","₹7,79,299"
232,SUV,Noida,Maruti,Vitara Brezza,ZDI + AMT,2018,Diesel,Automatic,"28,144 km","₹9,13,699"
233,SUV,Noida,Maruti,Eeco,5 STR CNG WITH AC PLUSHTR,2018,Petrol + CNG,Manual,"36,507 km","₹3,43,699"
234,SUV,Noida,Maruti,Vitara Brezza,VDI,2018,Diesel,Manual,"20,245 km","₹7,69,899"
235,SUV,Noida,Hyundai,Creta,1.6 E + VTVT,2018,Petrol,Manual,"39,294 km","₹8,98,999"
236,SUV,Noida,Maruti,Vitara Brezza,VDI,2019,Diesel,Manual,"31,245 km","₹7,89,499"
237,SUV,Noida,Maruti,Vitara Brezza,ZDI,2016,Diesel,Manual,"92,569 km","₹6,69,099"
238,Luxury Sedan,Noida,BMW,3 Series,320D,2015,Diesel,Automatic,"33,958 km","₹18,42,699"
239,Luxury Sedan,Noida,Mercedes,Benz E Class,E200 CGI EDITION E,2016,Petrol,Manual,"19,041 km","₹23,22,099"
240,Luxury SUV,Noida,Audi,Q3,35 TDI Quattro,2015,Diesel,Automatic,"67,720 km","₹15,60,499"
241,Luxury SUV,Noida,Ssangyong,Rexton,RX 6,2014,Diesel,Manual,"45,187 km","₹6,48,399"
242,Hatchback,Gurgaon,Maruti,Swift,VDI,2012,Diesel,Manual,"31,084 km","₹3,14,499"
243,Hatchback,Gurgaon,Maruti,Swift,VDI ABS,2015,Diesel,Manual,"37,925 km","₹4,05,199"
244,Hatchback,Gurgaon,Tata,Tiago,XZ 1.2 REVOTRON,2018,Petrol,Manual,"25,562 km","₹4,90,999"
245,Hatchback,Gurgaon,Maruti,Alto K10,VXI,2019,Petrol,Manual,"8,574 km","₹4,14,799"
246,Hatchback,Gurgaon,Maruti,Baleno,DELTA 1.2 K12,2019,Petrol,Manual,"20,976 km","₹6,91,199"
247,Hatchback,Gurgaon,Ford,New Figo,1.5 TITANIUM,2017,Diesel,Manual,"41,678 km","₹4,82,699"
248,Hatchback,Gurgaon,Tata,Tiago,XT 1.2 REVOTRON,2017,Petrol,Manual,"80,573 km","₹4,59,599"
249,Hatchback,Gurgaon,Maruti,Baleno,DELTA 1.2 K12,2017,Petrol,Manual,"20,990 km","₹6,05,699"
250,Hatchback,Gurgaon,Maruti,Swift,VDI ABS,2015,Diesel,Manual,"53,260 km","₹5,98,999"
251,Hatchback,Gurgaon,Renault,Kwid,RXL,2021,Petrol,Manual,"1,529 km","₹4,59,599"
252,Hatchback,Gurgaon,Maruti,Swift,VDI ABS,2015,Diesel,Manual,"76,264 km","₹4,55,299"
253,Hatchback,Gurgaon,Maruti,Swift,VDI,2014,Diesel,Manual,"41,996 km","₹4,12,299"
254,Hatchback,Gurgaon,Maruti,Swift,VDI,2014,Diesel,Manual,"1,02,773 km","₹4,30,299"
255,Hatchback,Gurgaon,Maruti,Swift,VDI,2014,Diesel,Manual,"1,07,030 km","₹4,21,699"
256,Hatchback,Gurgaon,Hyundai,i20,MAGNA O 1.2,2011,Petrol,Manual,"44,007 km","₹2,58,999"
257,Hatchback,Gurgaon,Hyundai,i10,ERA 1.1 IRDE,2011,Petrol,Manual,"55,623 km","₹1,88,799"
258,Hatchback,Gurgaon,Hyundai,Grand i10,MAGNA 1.2 KAPPA VTVT,2016,Petrol,Manual,"26,951 km","₹4,15,399"
259,Hatchback,Gurgaon,Maruti,Wagon R,LXI MINOR,2009,Petrol,Manual,"36,035 km","₹1,48,199"
260,Hatchback,Gurgaon,Maruti,Alto,LXI,2020,Petrol + CNG,Manual,"19,593 km","₹3,54,799"
261,Hatchback,Gurgaon,Maruti,Alto,LXI,2009,Petrol,Manual,"1,19,227 km","₹1,26,399"
262,Hatchback,Gurgaon,Renault,Kwid,RXT,2015,Petrol + CNG,Manual,"39,525 km","₹2,63,799"
263,Hatchback,Gurgaon,Hyundai,Eon,D LITE PLUS,2013,Petrol,Manual,"1,06,269 km","₹1,93,699"
264,Hatchback,Gurgaon,Volkswagen,Polo,COMFORTLINE 1.0 PETROL,2018,Petrol,Manual,"23,826 km","₹5,27,699"
265,Hatchback,Gurgaon,Maruti,Swift,VDI ABS,2015,Diesel,Manual,"64,156 km","₹4,13,399"
266,Hatchback,Gurgaon,Maruti,Baleno,SIGMA 1.2 K12,2016,Petrol,Manual,"57,595 km","₹4,01,199"
267,Hatchback,Gurgaon,Maruti,Swift,VDI,2013,Diesel,Manual,"70,981 km","₹3,51,099"
268,Hatchback,Gurgaon,Tata,Tiago,XZ 1.2 REVOTRON,2016,Petrol,Manual,"33,213 km","₹4,05,099"
269,Hatchback,Gurgaon,Maruti,Swift,VDI,2014,Diesel,Manual,"64,370 km","₹3,72,899"
270,Hatchback,Gurgaon,Hyundai,Elite i20,Magna Executive 1.2,2018,Petrol,Manual,"23,758 km","₹5,56,799"
271,Hatchback,Gurgaon,Hyundai,Elite i20,SPORTZ 1.2,2017,Petrol,Manual,"64,918 km","₹5,03,999"
272,Hatchback,Gurgaon,Maruti,Celerio,ZXI AMT,2017,Petrol,Automatic,"38,235 km","₹4,10,499"
273,Hatchback,Gurgaon,Tata,Tiago,XT 1.2 REVOTRON,2019,Petrol,Manual,"34,685 km","₹4,50,299"
274,Hatchback,Gurgaon,Maruti,Swift,ZXI PLUS AMT,2018,Petrol,Manual,"28,636 km","₹6,05,199"
275,Hatchback,Gurgaon,Maruti,Swift,VDI,2018,Diesel,Manual,"66,535 km","₹5,62,399"
276,Hatchback,Gurgaon,Maruti,Swift,VXI,2018,Petrol,Manual,"24,793 km","₹5,15,899"
277,Hatchback,Gurgaon,Maruti,Celerio,VXI,2018,Petrol,Manual,"7,179 km","₹4,17,099"
278,Hatchback,Gurgaon,Datsun,Redi Go,1.0 S AT,2018,Petrol,,"21,607 km","₹3,40,399"
279,Hatchback,Gurgaon,Maruti,Baleno,ZETA 1.2 K12,2018,Petrol,Manual,"37,284 km","₹6,09,999"
280,Hatchback,Gurgaon,Maruti,Baleno,DELTA 1.2 K12,2019,Petrol,Manual,"21,930 km","₹6,01,799"
281,Hatchback,Gurgaon,Maruti,Baleno,DELTA 1.2 K12,2020,Petrol,Manual,"11,679 km","₹6,63,599"
282,Hatchback,Gurgaon,Maruti,Alto K10,VXI,2019,Petrol,Manual,"6,999 km","₹3,86,299"
283,Hatchback,Gurgaon,Maruti,Celerio,VXI AMT,2014,Petrol,Automatic,"56,443 km","₹3,27,899"
284,Hatchback,Gurgaon,Maruti,Baleno,DELTA 1.2 K12,2019,Petrol,Manual,"19,525 km","₹6,44,499"
285,Hatchback,Gurgaon,Maruti,Swift,ZDI,2016,Diesel,Manual,"57,783 km","₹4,52,999"
286,Hatchback,Gurgaon,Maruti,Wagon R 1.0,VXI,2017,Petrol,Manual,"4,956 km","₹3,89,199"
287,Hatchback,Gurgaon,Maruti,Alto,VXI,2019,Petrol,Manual,"13,299 km","₹3,55,499"
288,Hatchback,Gurgaon,Maruti,Swift,VDI ABS,2015,Diesel,Manual,"63,600 km","₹4,40,299"
289,Hatchback,Gurgaon,Maruti,Swift,VDI ABS,2015,Diesel,Manual,"1,64,520 km","₹3,82,699"
290,Hatchback,Gurgaon,Maruti,Alto 800,LXI,2017,Petrol,Manual,"63,567 km","₹3,48,699"
291,Hatchback,Gurgaon,Maruti,Alto K10,VXI OPT,2016,Petrol,Manual,"21,918 km","₹3,07,099"
292,Hatchback,Gurgaon,Maruti,Alto 800,LXI,2018,Petrol,Manual,"12,083 km","₹3,11,299"
293,Hatchback,Gurgaon,Maruti,Alto 800,LXI,2017,Petrol,Manual,"2,335 km","₹3,11,999"
294,Hatchback,Gurgaon,Renault,Kwid,RXL,2020,Petrol,Manual,"5,548 km","₹3,79,999"
295,Hatchback,Gurgaon,Hyundai,Elite i20,1.4 CRDI ASTA (O),2016,Diesel,Manual,"78,560 km","₹5,15,500"
296,Hatchback,Gurgaon,Maruti,Alto 800,VXI,2019,Petrol,Manual,"10,316 km","₹3,78,699"
297,Hatchback,Gurgaon,Maruti,Swift,VDI ABS,2015,Diesel,Manual,"56,552 km","₹4,68,599"
298,Hatchback,Gurgaon,Maruti,Swift,VDI ABS,2017,Diesel,Manual,"69,894 km","₹4,74,699"
299,Hatchback,Gurgaon,Hyundai,Elite i20,SPORTZ 1.2,2018,Petrol,Manual,"48,582 km","₹5,90,199"
300,Hatchback,Gurgaon,Maruti,Swift,VXI,2017,Petrol,Manual,"25,626 km","₹5,38,699"
301,Hatchback,Gurgaon,Maruti,Swift,VXI,2019,Petrol,Manual,"31,304 km","₹5,25,499"
302,Hatchback,Gurgaon,Hyundai,Grand i10,MAGNA 1.2 VTVT,2018,Petrol,Manual,"16,558 km","₹4,83,399"
303,Sedan,Gurgaon,Maruti,Swift Dzire,VDI ABS,2015,Diesel,Manual,"72,380 km","₹4,80,099"
304,Sedan,Gurgaon,Maruti,Ciaz,VXI,2017,Petrol,Manual,"55,212 km","₹5,83,799"
305,Sedan,Gurgaon,Maruti,Ciaz,VDI PLUS,2014,Diesel,Manual,"62,366 km","₹5,25,199"
306,Sedan,Gurgaon,Maruti,Swift Dzire,LDI BS IV,2017,Diesel,Manual,"51,316 km","₹5,15,599"
307,Sedan,Gurgaon,Maruti,Swift Dzire,VDI BS IV,2012,Diesel,Manual,"54,918 km","₹4,55,499"
308,Sedan,Gurgaon,Volkswagen,Vento,COMFORTLINE MT PETROL,2016,Petrol,Manual,"19,369 km","₹5,73,799"
309,Sedan,Gurgaon,Volkswagen,Ameo,TRENDLINE 1.2,2017,Petrol,Manual,"40,293 km","₹5,17,799"
310,Sedan,Gurgaon,Honda,Amaze,1.5 SMT I DTEC,2013,Diesel,Manual,"93,447 km","₹2,54,399"
311,Sedan,Gurgaon,Honda,Amaze,1.2 V MT I-VTEC,2020,Petrol,Manual,"13,903 km","₹6,91,599"
312,Sedan,Gurgaon,Honda,Amaze,1.2 SMT I VTEC,2015,Petrol,Manual,"62,462 km","₹4,89,699"
313,Sedan,Gurgaon,Maruti,Ciaz,DELTA 1.5 SHVS VVT MT,2019,Petrol,Manual,"7,620 km","₹8,25,399"
314,Sedan,Gurgaon,Honda,Amaze,1.2 SMT I VTEC,2016,Petrol + CNG,Manual,"66,399 km","₹4,82,099"
315,Sedan,Gurgaon,Honda,City,ZX CVT,2020,Petrol,Automatic,"10,322 km","₹12,71,199"
316,Sedan,Gurgaon,Ford,Figo Aspire,1.2 TITANIUM PETROL,2017,Petrol,Manual,"41,186 km","₹4,60,199"
317,Sedan,Gurgaon,Maruti,Swift Dzire,LDI BS IV,2013,Diesel,Manual,"49,944 km","₹3,54,299"
318,Sedan,Gurgaon,Maruti,Swift Dzire,VXI 1.2 BS IV,2015,Petrol,Manual,"61,732 km","₹4,76,699"
319,Sedan,Gurgaon,Maruti,Swift Dzire,ZDI,2012,Diesel,Manual,"52,479 km","₹3,79,299"
320,Sedan,Gurgaon,Hyundai,Verna,FLUIDIC 1.6 SX CRDI OPT,2013,Diesel,Manual,"53,517 km","₹4,82,299"
321,Sedan,Gurgaon,Hyundai,Verna,S PETROL MT,2020,Petrol,Manual,"19,158 km","₹8,87,099"
322,Sedan,Gurgaon,Skoda,Rapid,1.5 TDI AT STYLE PLUS,2017,Diesel,Automatic,"1,38,467 km","₹5,99,099"
323,Sedan,Gurgaon,Maruti,Dzire,VDI,2019,Diesel,Manual,"26,352 km","₹6,29,899"
324,SUV,Gurgaon,Toyota,Innova,2.5 GX 7 STR BS IV,2014,Diesel,Manual,"86,859 km","₹7,08,499"
325,SUV,Gurgaon,Toyota,Innova Crysta,Touring Sport Diesel AT,2017,Diesel,Automatic,"85,295 km","₹14,99,499"
326,SUV,Gurgaon,Maruti,Vitara Brezza,ZDI,2016,Diesel,Manual,"21,675 km","₹7,17,099"
327,SUV,Gurgaon,Maruti,Eeco,7 STR,2018,Petrol,Manual,"18,876 km","₹3,40,699"
328,SUV,Gurgaon,Ford,Ecosport,1.5TITANIUM TDCI,2014,Diesel,Manual,"62,254 km","₹5,38,699"
329,SUV,Gurgaon,Ford,Ecosport,1.5TITANIUM TDCI,2018,Diesel,Manual,"21,169 km","₹8,80,499"
330,SUV,Gurgaon,Hyundai,Creta,1.6 S,2015,Petrol,Manual,"22,587 km","₹8,02,599"
331,SUV,Gurgaon,Maruti,Vitara Brezza,ZDI,2016,Diesel,Manual,"72,378 km","₹6,58,799"
332,SUV,Gurgaon,Maruti,Vitara Brezza,VDI OPT,2016,Diesel,Manual,"41,629 km","₹7,84,299"
333,SUV,Gurgaon,Hyundai,Creta,1.6 SX PLUS DIESEL,2016,Diesel,Manual,"95,195 km","₹8,56,199"
334,SUV,Gurgaon,Maruti,Vitara Brezza,VDI OPT,2017,Diesel,Manual,"34,749 km","₹8,27,899"
335,SUV,Gurgaon,Maruti,Vitara Brezza,VDI OPT,2017,Diesel,Manual,"83,741 km","₹7,00,299"
336,SUV,Gurgaon,Maruti,Vitara Brezza,VDI OPT,2018,Diesel,Manual,"71,192 km","₹7,19,399"
337,SUV,Gurgaon,Maruti,Vitara Brezza,ZDI,2016,Diesel,Manual,"70,555 km","₹6,54,399"
338,SUV,Gurgaon,Mahindra,Scorpio,S10,2016,Diesel,Manual,"61,012 km","₹9,92,899"
339,SUV,Gurgaon,Maruti,XL6,ALPHA SHVS MT,2019,Petrol,Manual,"11,659 km","₹9,78,999"
340,SUV,Gurgaon,Maruti,Vitara Brezza,VDI,2018,Diesel,Manual,"61,718 km","₹6,50,599"
341,SUV,Gurgaon,Maruti,Vitara Brezza,VDI OPT,2018,Diesel,Manual,"60,395 km","₹6,83,399"
342,SUV,Gurgaon,Maruti,Vitara Brezza,VDI OPT,2018,Diesel,Manual,"36,116 km","₹6,86,499"
343,SUV,Gurgaon,Maruti,Vitara Brezza,VDI,2018,Diesel,Manual,"34,119 km","₹6,99,499"
344,SUV,Gurgaon,Maruti,Vitara Brezza,VDI,2018,Diesel,Manual,"26,042 km","₹7,50,699"
345,SUV,Gurgaon,Maruti,Vitara Brezza,VDI,2019,Diesel,Manual,"28,137 km","₹7,92,999"
346,SUV,Gurgaon,Hyundai,Creta,1.4 E PLUS CRDI,2018,Diesel,,"32,387 km","₹8,95,399"
347,SUV,Gurgaon,Hyundai,Creta,1.6 SX PLUS DIESEL,2015,Diesel,Manual,"80,045 km","₹7,76,799"
348,SUV,Gurgaon,Maruti,Vitara Brezza,ZDI,2016,Diesel,Manual,"1,05,991 km","₹6,33,799"
349,SUV,Gurgaon,Maruti,Eeco,7 STR,2018,Petrol,Manual,"72,019 km","₹3,29,399"
350,SUV,Gurgaon,Hyundai,VENUE,1.0 TURBO GDI SX+ AT,2019,Petrol,Automatic,"7,676 km","₹9,95,499"
351,SUV,Gurgaon,Maruti,Vitara Brezza,ZDI AMT,2018,Diesel,Automatic,"43,568 km","₹7,83,999"
352,SUV,Gurgaon,Maruti,Vitara Brezza,VDI,2018,Diesel,Manual,"40,458 km","₹7,79,299"
353,SUV,Gurgaon,Maruti,Vitara Brezza,ZDI + AMT,2018,Diesel,Automatic,"28,144 km","₹9,13,699"
354,SUV,Gurgaon,Maruti,Eeco,5 STR CNG WITH AC PLUSHTR,2018,Petrol + CNG,Manual,"36,507 km","₹3,43,699"
355,SUV,Gurgaon,Maruti,Vitara Brezza,VDI,2018,Diesel,Manual,"20,245 km","₹7,69,899"
356,SUV,Gurgaon,Hyundai,Creta,1.6 E + VTVT,2018,Petrol,Manual,"39,294 km","₹8,98,999"
357,SUV,Gurgaon,Maruti,Vitara Brezza,VDI,2019,Diesel,Manual,"31,245 km","₹7,89,499"
358,SUV,Gurgaon,Maruti,Vitara Brezza,ZDI,2016,Diesel,Manual,"92,569 km","₹6,69,099"
359,Luxury Sedan,Gurgaon,BMW,3 Series,320D,2015,Diesel,Automatic,"33,958 km","₹18,42,699"
360,Luxury Sedan,Gurgaon,Mercedes,Benz E Class,E200 CGI EDITION E,2016,Petrol,Manual,"19,041 km","₹23,22,099"
361,Luxury SUV,Gurgaon,Audi,Q3,35 TDI Quattro,2015,Diesel,Automatic,"67,720 km","₹15,60,499"
362,Luxury SUV,Gurgaon,Ssangyong,Rexton,RX 6,2014,Diesel,Manual,"45,187 km","₹6,48,399"
363,Hatchback,Mumbai,Maruti,Alto 800,LXI,2014,Petrol,Manual,"22,626 km","₹2,48,899"
364,Hatchback,Mumbai,Volkswagen,Polo,Trendline 1.0 L Petrol,2018,Petrol,Manual,"43,686 km","₹5,06,499"
365,Hatchback,Mumbai,Hyundai,i20 Active,1.2 S,2017,Petrol,Manual,"57,900 km","₹5,82,699"
366,Hatchback,Mumbai,Hyundai,Elite i20,ASTA 1.2,2014,Petrol,Manual,"43,096 km","₹5,20,799"
367,Hatchback,Mumbai,Hyundai,i20 Active,1.4 S,2016,Diesel,Manual,"82,548 km","₹5,96,299"
368,Hatchback,Mumbai,Hyundai,Elite i20,Magna Executive 1.2,2017,Petrol,Manual,"40,991 km","₹5,25,999"
369,Hatchback,Mumbai,Maruti,Wagon R Stingray,VXI,2014,Petrol,Manual,"81,428 km","₹3,22,799"
370,Hatchback,Mumbai,Renault,Kwid,1.0 RXT,2017,Petrol,Manual,"31,147 km","₹3,03,199"
371,Hatchback,Mumbai,Maruti,Baleno,ZETA 1.2 K12,2016,Petrol,Manual,"50,022 km","₹5,32,199"
372,Hatchback,Mumbai,Hyundai,Elite i20,ERA 1.2,2017,Petrol,Manual,"11,371 km","₹5,39,199"
373,Hatchback,Mumbai,Hyundai,Elite i20,SPORTZ 1.2,2017,Petrol,Manual,"6,610 km","₹5,93,799"
374,Hatchback,Mumbai,Maruti,Swift,VXI,2020,Petrol,Manual,"1,550 km","₹6,27,799"
375,Hatchback,Mumbai,Maruti,Baleno,ZETA 1.2 K12,2017,Petrol,Manual,"48,530 km","₹5,33,999"
376,Hatchback,Mumbai,Volkswagen,Polo,GT TSI 1.2 PETROL AT,2017,Petrol,Automatic,"12,773 km","₹7,47,099"
377,Hatchback,Mumbai,Hyundai,Elite i20,SPORTZ 1.2,2017,Petrol,Manual,"32,251 km","₹6,10,899"
378,Hatchback,Mumbai,Hyundai,Elite i20,ASTA 1.2 (O),2017,Petrol,Manual,"11,375 km","₹6,37,399"
379,Hatchback,Mumbai,Hyundai,Eon,MAGNA PLUS,2017,Petrol,Manual,"1,140 km","₹3,46,899"
380,Hatchback,Mumbai,Maruti,Baleno,ZETA 1.2 K12 CVT,2016,Petrol,Automatic,"42,062 km","₹6,31,899"
381,Hatchback,Mumbai,Maruti,Baleno,DELTA 1.2 K12,2019,Petrol,Manual,"15,112 km","₹6,47,599"
382,Hatchback,Mumbai,Maruti,Baleno,RS 1.0 PETROL,2017,Petrol,Manual,"12,840 km","₹6,04,499"
383,Hatchback,Mumbai,Maruti,Celerio,VXI,2017,Petrol,Manual,"66,663 km","₹4,22,799"
384,Hatchback,Mumbai,Maruti,IGNIS,ZETA 1.2 K12 AMT,2019,Petrol,Automatic,"13,058 km","₹5,53,499"
385,Hatchback,Mumbai,Maruti,Swift,VXI,2014,Petrol,Manual,"28,600 km","₹4,11,999"
386,Hatchback,Mumbai,Hyundai,Grand i10,MAGNA 1.2 KAPPA VTVT,2019,Petrol,Manual,"4,031 km","₹5,26,999"
387,Hatchback,Mumbai,Maruti,Baleno,ALPHA 1.2 K12,2017,Petrol,Manual,"31,950 km","₹6,28,799"
388,Hatchback,Mumbai,Maruti,Swift,VDI,2018,Diesel,Manual,"5,284 km","₹6,50,399"
389,Hatchback,Mumbai,Maruti,Celerio,VXI,2015,Petrol,Manual,"21,306 km","₹3,78,199"
390,Hatchback,Mumbai,Maruti,Celerio,VXI,2018,Petrol,Manual,"15,478 km","₹4,72,699"
391,Hatchback,Mumbai,Hyundai,Grand i10,SPORTS 1.2 VTVT,2016,Petrol,Manual,"26,904 km","₹4,63,199"
392,Hatchback,Mumbai,Maruti,Wagon R 1.0,VXI AMT,2018,Petrol,Automatic,"35,242 km","₹4,50,199"
393,Hatchback,Mumbai,Maruti,Swift,ZDI,2016,Diesel,Manual,"82,420 km","₹5,34,399"
394,Hatchback,Mumbai,Maruti,Baleno,ALPHA 1.2 K12,2017,Petrol,Manual,"36,120 km","₹7,02,799"
395,Hatchback,Mumbai,Hyundai,Grand i10,SPORTS 1.2 AT VTVT,2018,Petrol,Automatic,"16,228 km","₹5,50,199"
396,Hatchback,Mumbai,Honda,Jazz,1.2 V MT,2018,Petrol,Manual,"23,178 km","₹6,63,499"
397,Hatchback,Mumbai,Maruti,Baleno,ALPHA 1.2 K12,2019,Petrol,Manual,"4,333 km","₹7,59,499"
398,Hatchback,Mumbai,Hyundai,Grand i10,1.2 ASTA (O) AT,2016,Petrol,Automatic,"11,819 km","₹5,10,799"
399,Hatchback,Mumbai,Maruti,S PRESSO,VXI PLUS,2021,Petrol,Manual,470 km,"₹4,69,899"
400,Hatchback,Mumbai,Hyundai,Grand i10,ASTA AT 1.2 KAPPA VTVT,2015,Petrol,Manual,"10,267 km","₹4,74,799"
401,Hatchback,Mumbai,Maruti,Alto 800,LXI,2018,Petrol,Manual,"8,465 km","₹3,20,799"
402,Hatchback,Mumbai,Maruti,Alto K10,VXI (O) AMT,2017,Petrol,Manual,"13,739 km","₹3,62,299"
403,Hatchback,Mumbai,Maruti,Swift,VXI,2013,Petrol,Manual,"36,351 km","₹3,97,799"
404,Hatchback,Mumbai,Hyundai,Elite i20,1.2 SPORTS PLUS VTVT,2019,Petrol,Manual,"1,898 km","₹7,34,399"
405,Hatchback,Mumbai,Maruti,Alto K10,VXI,2016,Petrol,Manual,"25,823 km","₹2,96,899"
406,Hatchback,Mumbai,Hyundai,Elite i20,SPORTZ 1.4,2017,Diesel,Manual,"68,595 km","₹6,09,899"
407,Hatchback,Mumbai,Hyundai,GRAND I10 NIOS,SPORTZ 1.2 AT,2019,Petrol,Automatic,"13,922 km","₹6,50,999"
408,Hatchback,Mumbai,Hyundai,Elite i20,ASTA 1.2 (O),2016,Petrol,Manual,"69,615 km","₹5,34,799"
409,Hatchback,Mumbai,Maruti,Swift,VDI,2019,Diesel,Manual,"19,590 km","₹7,03,799"
410,Hatchback,Mumbai,Maruti,Swift,VXI,2020,Petrol,Manual,"16,286 km","₹6,15,399"
411,Hatchback,Mumbai,Maruti,Celerio,ZXI,2018,Petrol,Manual,"43,901 km","₹4,51,699"
412,Hatchback,Mumbai,Maruti,Baleno,DELTA 1.2 K12,2017,Petrol + CNG,Manual,"60,665 km","₹5,32,299"
413,Hatchback,Mumbai,Maruti,Alto 800,VXI,2018,Petrol,Manual,"28,494 km","₹3,29,499"
414,Hatchback,Mumbai,Hyundai,i20 Active,1.2 SX,2017,Petrol,Manual,"12,910 km","₹6,20,799"
415,Hatchback,Mumbai,Hyundai,Grand i10,SPORTS 1.2 VTVT,2016,Petrol,Manual,"32,812 km","₹4,33,799"
416,Hatchback,Mumbai,Hyundai,Grand i10,MAGNA 1.2 KAPPA VTVT,2014,Petrol,Manual,"19,399 km","₹3,87,099"
417,Hatchback,Mumbai,Hyundai,Elite i20,ASTA 1.2,2015,Petrol,Manual,"64,342 km","₹5,13,299"
418,Hatchback,Mumbai,Hyundai,Elite i20,MAGNA 1.4 CRDI,2015,Diesel,Manual,"1,04,937 km","₹4,71,499"
419,Hatchback,Mumbai,Maruti,IGNIS,DELTA 1.2 K12,2017,Petrol,Manual,"30,608 km","₹4,15,099"
420,Hatchback,Mumbai,Maruti,Swift,VXI OPT,2017,Petrol,Manual,"16,759 km","₹5,20,599"
421,Hatchback,Mumbai,Maruti,Swift,VXI,2018,Petrol,Manual,"8,339 km","₹5,86,999"
422,Hatchback,Mumbai,Maruti,Swift,ZXI AMT,2018,Petrol,Automatic,"23,649 km","₹6,18,799"
423,Hatchback,Mumbai,Maruti,Alto 800,VXI,2017,Petrol,Manual,"16,069 km","₹3,07,599"
424,Hatchback,Mumbai,Maruti,Baleno,ALPHA 1.2 K12 AMT,2018,Petrol,Automatic,"28,661 km","₹7,04,099"
425,Hatchback,Mumbai,Ford,Figo,1.4 TITANIUM DURATORQ,2014,Diesel,Manual,"43,237 km","₹3,03,999"
426,Hatchback,Mumbai,Hyundai,Grand i10,Sportz(O) 1.2 MT,2017,Petrol,Manual,"8,592 km","₹5,04,199"
427,Hatchback,Mumbai,Maruti,Celerio,VXI AMT,2015,Petrol,Automatic,"53,739 km","₹3,34,999"
428,Hatchback,Mumbai,Honda,Brio,1.2 VX AT I VTEC,2013,Petrol,Automatic,"56,857 km","₹3,42,199"
429,Hatchback,Mumbai,Maruti,Swift,ZXI,2019,Petrol,Manual,"11,270 km","₹6,28,199"
430,Hatchback,Mumbai,Maruti,Baleno,DELTA DDIS 190,2016,Diesel,Manual,"96,899 km","₹5,68,999"
431,Hatchback,Mumbai,Volkswagen,Polo,GT TSI 1.2 PETROL AT,2016,Petrol,Automatic,"48,730 km","₹6,02,099"
432,Hatchback,Mumbai,Maruti,Celerio,VXI AMT,2016,Petrol,Automatic,"16,024 km","₹3,85,899"
433,Hatchback,Mumbai,Maruti,Alto 800,VXI,2016,Petrol,Manual,"16,709 km","₹2,66,799"
434,Hatchback,Mumbai,Tata,Tiago,XZ 1.2 REVOTRON,2017,Petrol,Manual,"16,358 km","₹3,97,099"
435,Hatchback,Mumbai,Maruti,Wagon R Stingray,VXI,2014,Petrol + CNG,Manual,"59,494 km","₹3,24,999"
436,Hatchback,Mumbai,Maruti,Wagon R 1.0,VXI,2016,Petrol,Manual,"42,670 km","₹3,57,699"
437,Hatchback,Mumbai,Maruti,Wagon R 1.0,VXI AMT,2016,Petrol,Automatic,"8,446 km","₹3,94,399"
438,Hatchback,Mumbai,Maruti,Wagon R 1.0,VXI,2014,Petrol,Manual,"98,080 km","₹3,27,499"
439,Hatchback,Mumbai,Hyundai,i20,SPORTZ 1.2 VTVT,2012,Petrol,Manual,"23,044 km","₹3,32,299"
440,Hatchback,Mumbai,Maruti,Alto 800,LXI,2015,Petrol,Manual,"6,248 km","₹2,91,999"
441,Hatchback,Mumbai,Maruti,Celerio,VXI,2017,Petrol,Manual,"10,142 km","₹4,09,799"
442,Hatchback,Mumbai,Maruti,Swift,ZXI AMT,2019,Petrol,Automatic,"26,749 km","₹6,84,899"
443,Hatchback,Mumbai,Maruti,Baleno,ZETA 1.2 K12,2018,Petrol,Manual,"16,994 km","₹6,02,999"
444,Hatchback,Mumbai,Renault,Kwid,RXT,2019,Petrol,Manual,"3,141 km","₹3,96,199"
445,Hatchback,Mumbai,Hyundai,i20,MAGNA 1.4 CRDI,2013,Diesel,Manual,"72,869 km","₹3,94,499"
446,Hatchback,Mumbai,Maruti,IGNIS,DELTA 1.2 K12,2017,Petrol,Manual,"41,139 km","₹4,93,599"
447,Hatchback,Mumbai,Maruti,Alto K10,VXI AMT,2015,Petrol,Manual,"9,226 km","₹3,36,599"
448,Hatchback,Mumbai,Maruti,Alto 800,LXI,2014,Petrol,Manual,"46,886 km","₹2,74,699"
449,Hatchback,Mumbai,Maruti,Swift,VXI,2018,Petrol,Manual,"1,08,532 km","₹5,53,299"
450,Hatchback,Mumbai,Maruti,Alto 800,LXI,2015,Petrol,Manual,"32,560 km","₹2,58,399"
451,Hatchback,Mumbai,Maruti,Baleno,DELTA 1.2 K12,2017,Petrol,Manual,"18,994 km","₹6,09,199"
452,Hatchback,Mumbai,Maruti,Alto 800,LXI,2017,Petrol,Manual,"15,575 km","₹3,05,799"
453,Hatchback,Mumbai,Ford,New Figo,1.2 TITANIUM,2016,Petrol,Manual,"21,454 km","₹3,95,099"
454,Hatchback,Mumbai,Hyundai,i20 Active,1.2 S,2016,Petrol,Manual,"20,933 km","₹5,70,599"
455,Hatchback,Mumbai,Hyundai,GRAND I10 NIOS,SPORTZ 1.2 AT,2019,Petrol,Automatic,"2,047 km","₹7,19,399"
456,Hatchback,Mumbai,Hyundai,Grand i10,MAGNA 1.2 KAPPA VTVT,2017,Petrol,Manual,"20,910 km","₹4,87,099"
457,Hatchback,Mumbai,Maruti,Celerio,VXI,2014,Petrol,Manual,"33,246 km","₹4,06,199"
458,Hatchback,Mumbai,Hyundai,Grand i10,ASTA 1.2 (O) VTVT,2016,Petrol,Manual,"46,758 km","₹4,63,799"
459,Hatchback,Mumbai,Hyundai,Elite i20,1.2 SPORTS PLUS VTVT,2019,Petrol,Manual,"13,240 km","₹7,34,099"
460,Hatchback,Mumbai,Tata,Tiago,XZ 1.2 REVOTRON,2017,Petrol,Manual,"26,102 km","₹4,63,199"
461,Hatchback,Mumbai,Volkswagen,Polo,HIGH LINE PLUS 1.0,2018,Petrol,Manual,"9,207 km","₹6,55,499"
462,Hatchback,Mumbai,Maruti,Baleno,DELTA 1.2 K12,2018,Petrol,Manual,"25,115 km","₹6,00,599"
463,Hatchback,Mumbai,Hyundai,Elite i20,ASTA 1.2 (O),2016,Petrol,Manual,"44,528 km","₹5,40,799"
464,Hatchback,Mumbai,Maruti,IGNIS,ZETA 1.2 K12 AMT,2017,Petrol,Automatic,"16,256 km","₹5,45,799"
465,Hatchback,Mumbai,Maruti,IGNIS,DELTA 1.2 K12,2017,Petrol,Manual,"24,753 km","₹5,04,599"
466,Hatchback,Mumbai,Nissan,Micra,XL CVT (PETROL),2018,Petrol,Automatic,"14,360 km","₹6,22,099"
467,Hatchback,Mumbai,Maruti,Baleno,ZETA 1.2 K12,2018,Petrol,Manual,"23,172 km","₹6,37,699"
468,Hatchback,Mumbai,Hyundai,Grand i10,ASTA 1.2 KAPPA VTVT,2015,Petrol,Manual,"63,175 km","₹4,28,999"
469,Hatchback,Mumbai,Hyundai,Elite i20,SPORTZ 1.2,2016,Petrol,Manual,"84,580 km","₹5,59,999"
470,Hatchback,Mumbai,Hyundai,Elite i20,ASTA 1.2,2017,Petrol,Manual,"25,111 km","₹6,09,299"
471,Hatchback,Mumbai,Hyundai,i20,MAGNA O 1.2,2012,Petrol,Manual,"31,372 km","₹3,97,199"
472,Hatchback,Mumbai,Hyundai,Elite i20,ASTA 1.2 AT,2018,Petrol,,"10,222 km","₹7,71,699"
473,Hatchback,Mumbai,Maruti,Baleno,DELTA 1.2 K12,2017,Petrol,Manual,"19,149 km","₹5,95,799"
474,Hatchback,Mumbai,Maruti,Baleno,DELTA 1.2 K12,2016,Petrol,Manual,"58,063 km","₹5,48,399"
475,Hatchback,Mumbai,Maruti,Baleno,ZETA 1.2 K12,2019,Petrol,Manual,"10,357 km","₹6,98,299"
476,Hatchback,Mumbai,Maruti,Celerio,VXI AMT,2016,Petrol,Automatic,"51,815 km","₹3,91,399"
477,Hatchback,Mumbai,Honda,Brio,1.2 S MT I VTEC,2015,Petrol,Manual,"30,487 km","₹3,82,499"
478,Hatchback,Mumbai,Hyundai,i20,MAGNA O 1.2,2012,Petrol,Manual,"94,468 km","₹3,70,399"
479,Hatchback,Mumbai,Maruti,Celerio,ZXI OPT AMT,2016,Petrol,Automatic,"95,276 km","₹3,91,799"
480,Hatchback,Mumbai,Maruti,Wagon R 1.0,VXI AMT,2018,Petrol,Automatic,"28,071 km","₹4,27,999"
481,Hatchback,Mumbai,Maruti,Celerio,ZXI,2019,Petrol,Manual,"6,559 km","₹5,21,799"
482,Hatchback,Mumbai,Honda,Brio,1.2 S MT I VTEC,2016,Petrol,Manual,"15,805 km","₹4,00,799"
483,Hatchback,Mumbai,Maruti,Baleno,DELTA 1.2 K12,2017,Petrol,Manual,"21,954 km","₹5,55,599"
484,Hatchback,Mumbai,Maruti,Swift,ZXI,2017,Petrol,Manual,"14,505 km","₹5,43,299"
485,Hatchback,Mumbai,Hyundai,Grand i10,MAGNA 1.2 KAPPA VTVT,2019,Petrol,Manual,"7,469 km","₹5,40,199"
486,Hatchback,Mumbai,Maruti,Celerio,VXI,2015,Petrol,Manual,"22,159 km","₹3,62,199"
487,Hatchback,Mumbai,Maruti,IGNIS,ZETA 1.2 K12 AMT,2018,Petrol,Automatic,"11,321 km","₹5,69,499"
488,Hatchback,Mumbai,Maruti,Alto K10,VXI,2015,Petrol,Manual,"64,611 km","₹3,13,999"
489,Hatchback,Mumbai,Maruti,Baleno,ZETA 1.2 K12,2019,Petrol,Manual,"10,458 km","₹6,95,599"
490,Hatchback,Mumbai,Renault,Kwid,RXT 1.0 EASY-R AT OPTION,2019,Petrol,Automatic,"17,595 km","₹4,26,299"
491,Hatchback,Mumbai,Tata,Nano,TWIST XTA,2017,Petrol,Automatic,"41,959 km","₹2,25,799"
492,Hatchback,Mumbai,Hyundai,Grand i10,MAGNA 1.2 KAPPA VTVT,2015,Petrol,Manual,"33,678 km","₹4,46,199"
493,Hatchback,Mumbai,Maruti,Celerio,VXI AMT,2018,Petrol,Automatic,"20,753 km","₹4,63,399"
494,Hatchback,Mumbai,Hyundai,i10,ASTA 1.2 AT KAPPA2 WITH SUNROOF,2013,Petrol,Automatic,"30,624 km","₹3,98,999"
495,Hatchback,Mumbai,Hyundai,i20,MAGNA O 1.4 CRDI,2012,Diesel,Manual,"1,24,487 km","₹4,89,599"
496,Hatchback,Mumbai,Hyundai,i10,SPORTZ 1.2 AT KAPPA2,2013,Petrol,Automatic,"38,942 km","₹3,55,699"
497,Hatchback,Mumbai,Maruti,S PRESSO,VXI,2020,Petrol,Manual,"8,651 km","₹4,32,599"
498,Hatchback,Mumbai,Maruti,Alto 800,VXI,2017,Petrol,Manual,"33,925 km","₹3,03,199"
499,Hatchback,Mumbai,Maruti,Celerio,ZXI,2018,Petrol,Manual,"10,199 km","₹4,56,199"
500,Hatchback,Mumbai,Maruti,Alto K10,VXI,2015,Petrol,Manual,"25,490 km","₹3,26,399"
501,Hatchback,Mumbai,Hyundai,Grand i10,SPORTZ (O) 1.2 AT VTVT,2017,Petrol,Manual,"27,268 km","₹5,46,499"
502,Hatchback,Mumbai,Maruti,Alto K10,VXI (O) AMT,2018,Petrol,Manual,"19,746 km","₹3,81,199"
503,Hatchback,Mumbai,Maruti,Alto K10,VXI (O) AMT,2018,Petrol,Manual,"14,908 km","₹3,84,699"
504,Hatchback,Mumbai,Maruti,Alto K10,VXI,2015,Petrol,Manual,"12,341 km","₹3,11,599"
505,Hatchback,Mumbai,Maruti,Alto 800,LXI,2017,Petrol,Manual,"12,393 km","₹3,24,099"
506,Hatchback,Mumbai,Maruti,Alto 800,LXI,2017,Petrol,Manual,"18,797 km","₹3,23,899"
507,Hatchback,Mumbai,Maruti,Alto 800,LXI,2018,Petrol,Manual,"27,957 km","₹3,24,299"
508,Hatchback,Mumbai,Maruti,Alto 800,LXI,2017,Petrol,Manual,"22,244 km","₹3,26,599"
509,Hatchback,Mumbai,Maruti,Swift,VDI,2013,Diesel,Manual,"35,212 km","₹4,14,199"
510,Hatchback,Mumbai,Renault,Kwid,RXT,2017,Petrol,Manual,"29,055 km","₹3,19,999"
511,Hatchback,Mumbai,Maruti,Celerio,ZXI,2017,Petrol,Manual,"4,520 km","₹4,61,499"
512,Hatchback,Mumbai,Maruti,Swift,ZXI,2016,Petrol,Manual,"54,688 km","₹4,80,599"
513,Hatchback,Mumbai,Hyundai,i20,SPORTZ 1.2 VTVT,2013,Petrol,Manual,"22,785 km","₹3,73,999"
514,Hatchback,Mumbai,Hyundai,Eon,SPORTZ,2018,Petrol,Manual,"5,701 km","₹3,63,999"
515,Hatchback,Mumbai,Hyundai,Eon,ERA PLUS,2015,Petrol,Manual,"20,419 km","₹3,11,699"
516,Hatchback,Mumbai,Maruti,Alto K10,VXI (O) AMT,2018,Petrol,Manual,"14,899 km","₹4,07,299"
517,Hatchback,Mumbai,Hyundai,Grand i10,magna 1.2 crdi,2017,Diesel,Manual,"32,683 km","₹4,89,199"
518,Hatchback,Mumbai,Hyundai,Grand i10,ASTA 1.2 (O) VTVT,2016,Petrol,Manual,"36,247 km","₹4,85,199"
519,Hatchback,Mumbai,Honda,Jazz,1.2 V AT,2017,Petrol,Automatic,"48,106 km","₹6,06,299"
520,Hatchback,Mumbai,Volkswagen,Polo,HIGHLINE1.2L DIESEL,2012,Diesel,Manual,"67,595 km","₹2,58,399"
521,Hatchback,Mumbai,Tata,Tiago,XE 1.2 REVOTRON,2018,Petrol,Manual,"12,651 km","₹3,77,899"
522,Hatchback,Mumbai,Honda,Jazz,1.2 BASE I VTEC,2010,Petrol,Manual,"85,513 km","₹2,37,999"
523,Hatchback,Mumbai,Maruti,Celerio,VDI,2016,Diesel,Manual,"84,347 km","₹3,82,899"
524,Hatchback,Mumbai,Maruti,Swift,VXI LIMITED EDITION,2017,Petrol,Manual,"28,108 km","₹4,16,699"
525,Hatchback,Mumbai,Maruti,Celerio,VXI AMT,2014,Petrol,Automatic,"15,647 km","₹3,70,399"
526,Hatchback,Mumbai,Maruti,Celerio,VXI,2014,Petrol,Manual,"48,309 km","₹3,59,699"
527,Hatchback,Mumbai,Hyundai,Elite i20,MAGNA 1.2,2016,Petrol,Manual,"14,207 km","₹5,28,899"
528,Hatchback,Mumbai,Hyundai,Elite i20,MAGNA 1.2,2016,Petrol,Manual,"22,594 km","₹5,10,299"
529,Hatchback,Mumbai,Hyundai,Elite i20,ASTA 1.2,2017,Petrol,Manual,"11,775 km","₹6,54,999"
530,Hatchback,Mumbai,Tata,Tiago,XZ 1.2 REVOTRON,2018,Petrol,Manual,"25,032 km","₹4,51,199"
531,Hatchback,Mumbai,Hyundai,Eon,SPORTZ,2014,Petrol,Manual,"63,171 km","₹2,40,399"
532,Hatchback,Mumbai,Maruti,Baleno,DELTA 1.2 K12,2018,Petrol,Manual,"9,439 km","₹6,03,999"
533,Hatchback,Mumbai,Honda,Jazz,1.2 SELECT I VTEC,2012,Petrol,Manual,"65,710 km","₹3,23,899"
534,Hatchback,Mumbai,Hyundai,Grand i10,SPORTZ 1.2 KAPPA VTVT,2016,Petrol,Manual,"33,565 km","₹4,14,099"
535,Hatchback,Mumbai,Datsun,Redi Go,T (O),2017,Petrol,Manual,"17,774 km","₹2,56,799"
536,Hatchback,Mumbai,Hyundai,Elite i20,MAGNA 1.2,2016,Petrol,Manual,"28,761 km","₹5,07,999"
537,Hatchback,Mumbai,Maruti,Baleno,ZETA 1.2 K12,2018,Petrol,Manual,"19,481 km","₹6,34,199"
538,Hatchback,Mumbai,Maruti,Ritz,VXI BS IV,2013,Petrol,Manual,"21,445 km","₹3,23,899"
539,Hatchback,Mumbai,Maruti,Swift,VXI,2015,Petrol,Manual,"62,081 km","₹4,41,199"
540,Hatchback,Mumbai,Maruti,Wagon R 1.0,LXI,2015,Petrol,Manual,"57,492 km","₹3,28,999"
541,Hatchback,Mumbai,Maruti,Alto 800,LXI CNG,2015,Petrol + CNG,Manual,"61,386 km","₹2,36,499"
542,Hatchback,Mumbai,Maruti,Baleno,ZETA 1.2 K12,2019,Petrol,Manual,"15,076 km","₹6,51,999"
543,Hatchback,Mumbai,Renault,Kwid,RXT Opt,2019,Petrol,Manual,"4,523 km","₹3,81,799"
544,Hatchback,Mumbai,Hyundai,Grand i10,ASTA AT 1.2 KAPPA VTVT,2016,Petrol,Manual,"29,826 km","₹4,19,999"
545,Hatchback,Mumbai,Renault,Kwid,RXT 1.0 EASY-R AT OPTION,2019,Petrol,Automatic,"7,547 km","₹4,83,599"
546,Hatchback,Mumbai,Maruti,Celerio,ZXI,2016,Petrol,Manual,"39,682 km","₹4,19,599"
547,Hatchback,Mumbai,Hyundai,i20,MAGNA O 1.2,2010,Petrol + CNG,Manual,"87,846 km","₹1,63,299"
548,Hatchback,Mumbai,Maruti,Swift,ZXI,2012,Petrol,Manual,"78,889 km","₹3,78,499"
549,Hatchback,Mumbai,Hyundai,Eon,MAGNA PLUS,2013,Petrol,Manual,"13,809 km","₹2,19,699"
550,Hatchback,Mumbai,Maruti,Celerio,VXI,2014,Petrol,Manual,"64,208 km","₹3,84,899"
551,Hatchback,Mumbai,Maruti,Swift,VXI,2015,Petrol,Manual,"44,747 km","₹4,27,899"
552,Hatchback,Mumbai,Hyundai,Elite i20,ASTA 1.2,2014,Petrol,Manual,"80,954 km","₹5,16,499"
553,Hatchback,Mumbai,Maruti,Baleno,DELTA 1.2 K12,2017,Petrol,Manual,"10,530 km","₹6,22,199"
554,Hatchback,Mumbai,Maruti,IGNIS,DELTA 1.2 K12,2018,Petrol,Manual,"12,811 km","₹4,41,499"
555,Hatchback,Mumbai,Renault,Kwid,RXL,2019,Petrol,Manual,"10,737 km","₹3,90,599"
556,Hatchback,Mumbai,Maruti,Baleno,ZETA 1.2 K12,2020,Petrol,Manual,"20,524 km","₹6,31,099"
557,Hatchback,Mumbai,Hyundai,Grand i10,ASTA 1.2 VTVT,2015,Petrol,Manual,"80,058 km","₹3,87,099"
558,Hatchback,Mumbai,Hyundai,i10,SPORTZ 1.1 IRDE2,2014,Petrol,Manual,"63,456 km","₹3,38,499"
559,Hatchback,Mumbai,Hyundai,Grand i10,MAGNA 1.2 KAPPA VTVT,2014,Petrol,Manual,"52,072 km","₹4,02,899"
560,Hatchback,Mumbai,Hyundai,Grand i10,SPORTZ 1.2 KAPPA VTVT,2016,Petrol,Manual,"6,353 km","₹4,51,699"
561,Hatchback,Mumbai,Maruti,Wagon R 1.0,LXI CNG,2017,Petrol + CNG,Manual,"1,10,993 km","₹3,79,299"
562,Hatchback,Mumbai,Maruti,Baleno,DELTA 1.2 K12 AT,2016,Petrol,Automatic,"26,581 km","₹5,91,099"
563,Sedan,Mumbai,Skoda,Rapid,1.0 AMBITION TSI MT,2020,Petrol,Manual,"6,981 km","₹9,01,299"
564,Sedan,Mumbai,Hyundai,Verna,1.6 SX VTVT AT (O),2018,Petrol,Automatic,"24,240 km","₹10,47,399"
565,Sedan,Mumbai,Maruti,Dzire,ZXI Plus AMT,2017,Petrol,Automatic,"38,194 km","₹6,47,999"
566,Sedan,Mumbai,Ford,Figo Aspire,1.5 TREND DIESEL,2018,Diesel,Manual,"47,965 km","₹5,16,399"
567,Sedan,Mumbai,Maruti,Dzire,VDI,2017,Diesel,Manual,"1,07,185 km","₹6,74,399"
568,Sedan,Mumbai,Maruti,Dzire,ZDI,2017,Diesel,Manual,"40,204 km","₹7,30,399"
569,Sedan,Mumbai,Maruti,Ciaz,ZETA 1.4 VVT AMT,2018,Petrol,Automatic,"31,002 km","₹8,08,399"
570,Sedan,Mumbai,Maruti,Ciaz,ALPHA 1.4 VVT AMT,2018,Petrol,Automatic,"15,112 km","₹7,80,599"
571,Sedan,Mumbai,Honda,Amaze,1.2 V CVT I VTEC,2018,Petrol,Manual,"11,852 km","₹7,07,599"
572,Sedan,Mumbai,Hyundai,Verna,1.6 SX VTVT AT (O),2018,Petrol,Automatic,"16,869 km","₹10,53,199"
573,Sedan,Mumbai,Maruti,Dzire,VXI,2018,Petrol,Manual,"15,755 km","₹6,62,499"
574,Sedan,Mumbai,Honda,City,V MT PETROL,2018,Petrol,Manual,"18,363 km","₹10,50,299"
575,Sedan,Mumbai,Hyundai,Verna,1.6 SX VTVT AT (O),2018,Petrol,Automatic,"12,584 km","₹11,23,999"
576,Sedan,Mumbai,Maruti,Dzire,VXI AMT,2020,Petrol,Automatic,"3,000 km","₹7,58,599"
577,Sedan,Mumbai,Maruti,Dzire,VXI,2018,Petrol,Manual,"6,778 km","₹6,89,599"
578,Sedan,Mumbai,Hyundai,Verna,1.6 SX VTVT AT (O),2018,Petrol,Automatic,"60,214 km","₹10,60,199"
579,Sedan,Mumbai,Maruti,Swift Dzire,VXI 1.2 BS IV,2013,Petrol,Manual,"42,182 km","₹4,55,099"
580,Sedan,Mumbai,Maruti,Swift Dzire,VDI BS IV,2013,Diesel,Manual,"72,893 km","₹5,60,099"
581,Sedan,Mumbai,Maruti,Dzire,ZDI,2018,Diesel,Manual,"26,367 km","₹7,82,999"
582,Sedan,Mumbai,Maruti,Dzire,VDI,2018,Diesel,Manual,"53,186 km","₹7,18,499"
583,Sedan,Mumbai,Maruti,Dzire,ZDI,2019,Diesel,Manual,"34,404 km","₹8,33,899"
584,Sedan,Mumbai,Honda,Amaze,1.2 EXMT I VTEC,2013,Petrol,Manual,"15,271 km","₹4,14,599"
585,Sedan,Mumbai,Hyundai,Verna,FLUIDIC 1.6 VTVT S,2016,Petrol,Manual,"6,319 km","₹5,20,599"
586,Sedan,Mumbai,Maruti,Dzire,VXI AMT,2020,Petrol,Automatic,"15,315 km","₹7,30,899"
587,Sedan,Mumbai,Maruti,Ciaz,ALPHA 1.3 DDIS SHVS,2018,Diesel,Manual,"15,511 km","₹8,98,799"
588,Sedan,Mumbai,Honda,Civic,VX CVT i-VTEC,2019,Petrol,Automatic,"15,611 km","₹15,27,199"
589,Sedan,Mumbai,Hyundai,Xcent,S 1.2 OPT,2014,Petrol,Manual,"41,980 km","₹4,20,699"
590,Sedan,Mumbai,Maruti,Dzire,VDI,2017,Diesel,Manual,"15,738 km","₹6,71,699"
591,Sedan,Mumbai,Honda,Amaze,1.2 V CVT I VTEC,2018,Petrol,Manual,"48,214 km","₹6,36,899"
592,Sedan,Mumbai,Maruti,Swift Dzire,VXI 1.2 BS IV,2015,Petrol,Manual,"95,918 km","₹4,22,999"
593,Sedan,Mumbai,Maruti,Swift Dzire,VXI 1.2 BS IV,2014,Petrol,Manual,"30,601 km","₹4,49,699"
594,Sedan,Mumbai,Maruti,Swift Dzire,VXI 1.2 BS IV,2012,Petrol,Manual,"49,478 km","₹3,64,099"
595,Sedan,Mumbai,Honda,City,SV CVT PETROL,2015,Petrol,Automatic,"38,714 km","₹5,52,299"
596,Sedan,Mumbai,Maruti,Swift Dzire,VDI BS IV,2016,Diesel,Manual,"64,120 km","₹5,80,099"
597,Sedan,Mumbai,Ford,Figo Aspire,1.2 TITANIUM PETROL,2019,Petrol,Manual,"14,526 km","₹5,69,999"
598,Sedan,Mumbai,Hyundai,Verna,1.6 CRDI SX + AT,2018,Diesel,Automatic,"12,729 km","₹10,75,099"
599,Sedan,Mumbai,Honda,Amaze,1.2 VXMT I VTEC,2018,Petrol,Manual,"14,604 km","₹6,40,799"
600,Sedan,Mumbai,Maruti,Swift Dzire,VDI BS IV,2012,Diesel,Manual,"40,145 km","₹4,62,599"
601,Sedan,Mumbai,Maruti,Dzire,ZXI AMT,2017,Petrol,Automatic,"1,16,512 km","₹5,75,499"
602,Sedan,Mumbai,Maruti,Swift Dzire,VXI 1.2 BS IV,2016,Petrol,Manual,"85,566 km","₹5,30,899"
603,Sedan,Mumbai,Hyundai,Verna,FLUIDIC 1.6 VTVT S (O) MT,2015,Petrol,Manual,"25,274 km","₹5,04,299"
604,Sedan,Mumbai,Hyundai,Verna,1.6 SX VTVT AT (O),2018,Petrol,Automatic,"36,856 km","₹11,16,099"
605,Sedan,Mumbai,Hyundai,Xcent,S 1.2,2014,Petrol,Manual,"35,256 km","₹3,81,699"
606,Sedan,Mumbai,Maruti,Ciaz,VDI,2015,Diesel,Manual,"1,61,918 km","₹5,28,299"
607,Sedan,Mumbai,Honda,City,VX CVT PETROL,2018,Petrol,Automatic,"17,138 km","₹9,83,099"
608,Sedan,Mumbai,Honda,Amaze,VX AT I DTEC,2019,Diesel,Automatic,"23,810 km","₹7,75,499"
609,Sedan,Mumbai,Honda,Amaze,1.5 SX MT I DTEC,2014,Diesel,Manual,"54,831 km","₹3,69,499"
610,Sedan,Mumbai,Maruti,Swift Dzire,VDI BS IV,2013,Diesel,Manual,"74,296 km","₹5,28,199"
611,Sedan,Mumbai,Maruti,Dzire,VDI,2018,Diesel,Manual,"64,285 km","₹7,30,799"
612,Sedan,Mumbai,Maruti,Swift Dzire,VXI 1.2 BS IV,2013,Petrol,Manual,"27,784 km","₹4,59,199"
613,Sedan,Mumbai,Maruti,Ciaz,ZXI,2014,Petrol,Manual,"93,091 km","₹5,01,899"
614,Sedan,Mumbai,Maruti,Dzire,VXI AMT,2017,Petrol,Automatic,"67,513 km","₹6,20,599"
615,Sedan,Mumbai,Honda,City,S MT PETROL,2011,Petrol,Manual,"1,01,973 km","₹3,06,899"
616,Sedan,Mumbai,Maruti,Ciaz,ZDI+ SHVS,2015,Diesel,Manual,"1,25,499 km","₹5,89,299"
617,Sedan,Mumbai,Maruti,Dzire,VXI AMT,2017,Petrol,Automatic,"19,822 km","₹6,28,699"
618,Sedan,Mumbai,Hyundai,Verna,FLUIDIC 1.6 SX VTVT,2014,Petrol,Manual,"43,443 km","₹5,40,299"
619,Sedan,Mumbai,Hyundai,Verna,1.6 SX VTVT,2019,Petrol,Manual,"11,728 km","₹8,93,199"
620,Sedan,Mumbai,Maruti,Ciaz,ALPHA 1.3 DDIS SHVS,2018,Diesel,Manual,"50,685 km","₹7,72,199"
621,Sedan,Mumbai,Hyundai,Xcent,E PLUS,2017,Petrol,Manual,"45,922 km","₹4,62,099"
622,Sedan,Mumbai,Hyundai,Xcent,S 1.2,2017,Petrol,Manual,"31,123 km","₹4,48,199"
623,Sedan,Mumbai,Volkswagen,Jetta,HIGHLINE TDI AT,2015,Diesel,Automatic,"99,881 km","₹9,67,499"
624,Sedan,Mumbai,Volkswagen,Ameo,HIGHLINE 1.2,2016,Petrol,Manual,"32,750 km","₹4,73,299"
625,Sedan,Mumbai,Hyundai,Verna,1.6 SX (O) CRDI MT,2018,Diesel,Manual,"35,363 km","₹10,30,799"
626,Sedan,Mumbai,Honda,City,S MT PETROL,2014,Petrol,Manual,"1,46,906 km","₹4,51,899"
627,Sedan,Mumbai,Maruti,Dzire,ZXI,2017,Petrol,Manual,"37,024 km","₹5,62,099"
628,Sedan,Mumbai,Maruti,Dzire,VXI,2019,Petrol,Manual,"19,015 km","₹6,53,799"
629,SUV,Mumbai,Hyundai,Creta,1.6 SX CRDI,2015,Diesel,Manual,"1,10,584 km","₹9,07,699"
630,SUV,Mumbai,Hyundai,VENUE,S MT 1.2 KAPPA,2020,Petrol,Manual,547 km,"₹8,26,399"
631,SUV,Mumbai,Maruti,Vitara Brezza,ZDI PLUS,2016,Diesel,Manual,"97,103 km","₹7,73,199"
632,SUV,Mumbai,Maruti,Vitara Brezza,ZDI PLUS DUAL TONE,2018,Diesel,Manual,"59,639 km","₹8,49,099"
633,SUV,Mumbai,Honda,WR-V,1.2 i-VTEC VX MT,2017,Petrol,Manual,"1,00,164 km","₹6,92,499"
634,SUV,Mumbai,Honda,WR-V,1.2 i-VTEC VX MT,2017,Petrol,Manual,"37,871 km","₹7,23,799"
635,SUV,Mumbai,Honda,WR-V,1.5 i-DTEC VX MT,2017,Diesel,Manual,"53,017 km","₹7,61,999"
636,SUV,Mumbai,Hyundai,Creta,1.6 SX PLUS AUTO PETROL,2016,Petrol,Automatic,"39,104 km","₹10,56,399"
637,SUV,Mumbai,Hyundai,VENUE,1.4 CRDI S MT,2019,Diesel,Manual,"11,482 km","₹9,11,699"
638,SUV,Mumbai,Hyundai,Creta,1.6 SX (O) VTVT,2019,Petrol,,"10,563 km","₹12,47,299"
639,SUV,Mumbai,Maruti,S Cross,ZETA 1.3,2017,Diesel,Manual,"32,479 km","₹7,16,799"
640,SUV,Mumbai,Hyundai,Creta,1.4 E PLUS CRDI,2018,Diesel,Manual,"48,945 km","₹9,09,099"
641,SUV,Mumbai,Ford,Ecosport,TREND + 1.5 TI VCT AT,2018,Petrol,,"12,488 km","₹7,49,799"
642,SUV,Mumbai,Maruti,S Cross,ZETA 1.3,2017,Diesel,Manual,"67,396 km","₹7,98,899"
643,SUV,Mumbai,Hyundai,Creta,1.6 SX CRDI,2017,Diesel,Manual,"1,18,008 km","₹8,56,799"
644,SUV,Mumbai,Ford,Ecosport,1.5 TITANIUM TI VCT,2018,Petrol,Manual,"8,925 km","₹7,61,999"
645,SUV,Mumbai,Hyundai,Creta,1.6 SX AT CRDI,2018,Diesel,Manual,"42,360 km","₹13,16,099"
646,SUV,Mumbai,Ford,Ecosport,1.5 TITANIUM PLUS TI VCT AT,2018,Petrol,Manual,"12,961 km","₹8,27,299"
647,SUV,Mumbai,Ford,Ecosport,1.5 TITANIUM PLUS TI VCT AT,2018,Petrol,Manual,"16,911 km","₹8,52,499"
648,SUV,Mumbai,Hyundai,Creta,1.6 CRDI SX PLUS AUTO,2017,Diesel,Automatic,"52,753 km","₹11,06,599"
649,SUV,Mumbai,Maruti,Vitara Brezza,VDI OPT,2018,Diesel,Manual,"64,199 km","₹7,36,699"
650,SUV,Mumbai,Honda,WR-V,1.2 i-VTEC VX MT,2018,Petrol,Manual,"17,699 km","₹7,76,199"
651,SUV,Mumbai,Ford,Ecosport,1.5TITANIUM TDCI,2018,Diesel,Manual,"40,157 km","₹8,59,499"
652,SUV,Mumbai,Ford,Ecosport,1.5 TITANIUM TI VCT,2019,Petrol,Manual,"17,463 km","₹8,95,299"
653,SUV,Mumbai,Honda,WR-V,1.2 i-VTEC VX MT,2018,Petrol,Manual,"16,631 km","₹8,50,899"
654,SUV,Mumbai,Maruti,Vitara Brezza,VDI,2019,Diesel,Manual,"16,664 km","₹9,13,599"
655,SUV,Mumbai,Maruti,Vitara Brezza,VDI,2019,Diesel,Manual,"21,250 km","₹9,00,899"
656,SUV,Mumbai,Ford,Ecosport,1.5 TITANIUM PLUS TI VCT AT,2018,Petrol,Manual,"11,860 km","₹8,87,999"
657,SUV,Mumbai,Maruti,Vitara Brezza,ZDI,2018,Diesel,Manual,"36,894 km","₹8,24,199"
658,SUV,Mumbai,Hyundai,VENUE,1.0 TURBO GDI SX+ AT,2020,Petrol,Automatic,"21,526 km","₹11,60,199"
659,SUV,Mumbai,Maruti,Vitara Brezza,VDI,2019,Diesel,Manual,"27,771 km","₹9,45,499"
660,SUV,Mumbai,Maruti,Vitara Brezza,ZDI,2018,Diesel,Manual,"20,210 km","₹8,70,499"
661,SUV,Mumbai,Maruti,Vitara Brezza,ZDI PLUS,2017,Diesel,Manual,"46,603 km","₹8,49,099"
662,SUV,Mumbai,Maruti,Vitara Brezza,ZDI,2018,Diesel,Manual,"26,395 km","₹8,44,799"
663,SUV,Mumbai,Ford,Ecosport,1.5 TITANIUM PLUS TI VCT AT,2019,Petrol,,"10,102 km","₹9,77,199"
664,SUV,Mumbai,Maruti,Vitara Brezza,ZDI+ DUAL TONE AMT,2018,Diesel,Manual,"54,738 km","₹8,80,899"
665,SUV,Mumbai,Hyundai,VENUE,SX(O) CRDi,2019,Diesel,Manual,"23,558 km","₹9,94,699"
666,SUV,Mumbai,Maruti,Vitara Brezza,ZXI,2020,Petrol,Manual,"23,940 km","₹9,11,499"
667,SUV,Mumbai,Mahindra,TUV300,T 10 MT Dual Tone,2018,Diesel,Manual,"29,735 km","₹7,77,499"
668,SUV,Mumbai,Maruti,Vitara Brezza,ZDI,2017,Diesel,Manual,"47,948 km","₹7,14,899"
669,SUV,Mumbai,Mahindra,Bolero,B6 (O),2020,Diesel,Manual,"15,137 km","₹8,85,188"
670,SUV,Mumbai,Hyundai,Creta,1.6 SX PLUS AUTO PETROL,2016,Petrol,Automatic,"14,897 km","₹9,89,499"
671,SUV,Mumbai,Honda,BR-V,1.5 i-VTEC V CVT,2016,Petrol,Automatic,"35,112 km","₹7,81,999"
672,SUV,Mumbai,Hyundai,Creta,1.6 SX CRDI,2015,Diesel,Manual,"1,02,938 km","₹7,74,299"
673,SUV,Mumbai,Tata,Harrier,XZ 2.0L Kryotec,2019,Diesel,Manual,"22,757 km","₹15,20,099"
674,SUV,Mumbai,Mahindra,XUV 3OO,1.2 W6 MT,2019,Petrol,Manual,"9,365 km","₹8,19,199"
675,SUV,Mumbai,Hyundai,VENUE,1.0 TURBO GDI SX+ AT,2019,Petrol,,"8,459 km","₹10,32,599"
676,SUV,Mumbai,Maruti,Ertiga,ZDI,2015,Diesel,Manual,"49,628 km","₹6,61,199"
677,SUV,Mumbai,Hyundai,VENUE,SX 1.0 GDI IMT,2020,Petrol,Manual,"4,489 km","₹9,52,499"
678,SUV,Mumbai,Hyundai,Creta,1.6 SX PLUS VTVT,2016,Petrol,Manual,"36,863 km","₹8,76,399"
679,SUV,Mumbai,Maruti,Ertiga,VDI SHVS,2016,Diesel,Manual,"57,521 km","₹7,48,899"
680,SUV,Mumbai,Hyundai,Creta,1.6 SX AT CRDI,2019,Diesel,Manual,"12,012 km","₹15,03,699"
681,SUV,Mumbai,Maruti,Vitara Brezza,ZDI + AMT,2018,Diesel,Automatic,"35,944 km","₹9,46,499"
682,SUV,Mumbai,Tata,Hexa,Varicor 320 XE,2018,Diesel,Manual,"29,404 km","₹11,22,599"
683,SUV,Mumbai,Maruti,Ertiga,VXI CNG,2020,Petrol + CNG,Manual,"32,402 km","₹10,30,799"
684,SUV,Mumbai,Ford,Ecosport,1.5TITANIUM TDCI,2017,Diesel,Manual,"66,188 km","₹6,46,099"
685,SUV,Mumbai,Ford,Ecosport,1.5TITANIUM TDCI,2016,Diesel,Manual,"86,474 km","₹5,94,399"
686,SUV,Mumbai,Ford,Ecosport,1.5 TREND TI VCT,2016,Petrol,Manual,"23,304 km","₹6,21,299"
687,SUV,Mumbai,Maruti,S Cross,SIGMA SHVS,2018,Diesel,Manual,"37,002 km","₹7,88,199"
688,SUV,Mumbai,Maruti,Vitara Brezza,VDI,2017,Diesel,Manual,"24,367 km","₹7,14,899"
689,SUV,Mumbai,Ford,Ecosport,1.5 TITANIUM PLUS TI VCT AT,2019,Petrol,Manual,"22,773 km","₹9,57,199"
690,SUV,Mumbai,Tata,Hexa,Varicor 400 XT,2017,Diesel,Manual,"99,380 km","₹8,98,299"
691,SUV,Mumbai,Maruti,Ertiga,VDI SHVS,2017,Diesel,Manual,"93,844 km","₹7,57,699"
692,SUV,Mumbai,Hyundai,VENUE,1.0L Turbo GDI SX(O) MT,2019,Petrol,Manual,"8,924 km","₹9,98,999"
693,SUV,Mumbai,Tata,NEXON,XZA + 1.2 PETROL A/T,2018,Petrol,Automatic,"18,534 km","₹8,59,199"
694,SUV,Mumbai,Toyota,Innova,2.5 VX 7 STR BS IV,2015,Diesel,Manual,"89,358 km","₹9,05,099"
695,SUV,Mumbai,Ford,Ecosport,TREND + 1.5 TI VCT AT,2018,Petrol,Manual,"20,282 km","₹7,20,999"
696,SUV,Mumbai,Maruti,Ertiga,VDI SHVS,2017,Diesel,Manual,"79,817 km","₹7,88,499"
697,SUV,Mumbai,Maruti,Ertiga,ZDI PLUS SHVS,2017,Diesel,Manual,"62,533 km","₹8,22,399"
698,SUV,Mumbai,Maruti,Vitara Brezza,VDI AMT,2019,Diesel,Manual,"67,109 km","₹7,75,099"
699,SUV,Mumbai,Maruti,S Cross,ZETA SHVS,2017,Diesel,Manual,"80,900 km","₹8,54,099"
700,SUV,Mumbai,Ford,Ecosport,1.5TITANIUM TDCI,2018,Diesel,Manual,"14,643 km","₹9,15,299"
701,SUV,Mumbai,Maruti,Vitara Brezza,VDI,2019,Diesel,Manual,"42,680 km","₹8,04,599"
702,SUV,Mumbai,Maruti,Vitara Brezza,VDI OPT,2017,Diesel,Manual,"98,197 km","₹7,54,699"
703,SUV,Mumbai,Maruti,Vitara Brezza,ZDI AMT,2018,Diesel,Automatic,"35,579 km","₹9,43,499"
704,SUV,Mumbai,Hyundai,Creta,1.6 CRDI SX PLUS AUTO,2017,Diesel,Automatic,"97,226 km","₹11,28,199"
705,SUV,Mumbai,Maruti,Vitara Brezza,ZDI+ DUAL TONE AMT,2018,Diesel,,"38,175 km","₹9,40,699"
706,SUV,Mumbai,Maruti,Vitara Brezza,ZDI + AMT,2018,Diesel,Automatic,"83,103 km","₹9,33,399"
707,SUV,Mumbai,Ford,Ecosport,1.5TITANIUM TDCI,2016,Diesel,Manual,"51,849 km","₹6,12,399"
708,SUV,Mumbai,Maruti,Vitara Brezza,ZDI,2019,Diesel,Manual,"31,803 km","₹9,16,799"
709,SUV,Mumbai,Hyundai,Creta,1.6 SX PLUS AUTO PETROL,2016,Petrol,Automatic,"44,704 km","₹10,10,299"
710,SUV,Mumbai,Tata,NEXON,XZA + 1.2 PETROL A/T,2019,Petrol,Automatic,"15,672 km","₹8,62,599"
711,SUV,Mumbai,Honda,Mobilio,1.5 S I DTEC,2014,Diesel,Manual,"24,169 km","₹5,00,099"
712,SUV,Mumbai,Maruti,S Cross,ALPHA SHVS,2018,Diesel,Manual,"28,912 km","₹9,28,799"
713,SUV,Mumbai,Honda,WR-V,1.2 i-VTEC VX MT,2021,Petrol,Manual,"5,591 km","₹9,19,499"
714,SUV,Mumbai,Ford,Ecosport,1.5 TITANIUM TI VCT,2017,Petrol,Manual,"10,720 km","₹6,83,699"
715,SUV,Mumbai,Maruti,Vitara Brezza,VDI OPT,2017,Diesel,Manual,"46,304 km","₹6,70,499"
716,SUV,Mumbai,Maruti,Vitara Brezza,ZDI,2017,Diesel,Manual,"74,197 km","₹6,95,299"
717,SUV,Mumbai,Maruti,Vitara Brezza,VDI OPT,2017,Diesel,Manual,"38,464 km","₹7,32,399"
718,SUV,Mumbai,Tata,Hexa,Varicor 400 XTA,2018,Diesel,Automatic,"63,249 km","₹12,46,199"
719,SUV,Mumbai,Ford,Ecosport,1.5 TITANIUM PLUS TI VCT AT,2018,Petrol,Manual,"29,751 km","₹8,34,499"
720,SUV,Mumbai,Maruti,Vitara Brezza,ZDI PLUS DUAL TONE,2016,Diesel,Manual,"96,919 km","₹6,72,399"
721,SUV,Mumbai,Hyundai,Creta,1.6 CRDI SX PLUS AUTO,2017,Diesel,Automatic,"79,362 km","₹11,03,399"
722,SUV,Mumbai,Maruti,Ertiga,VDI SHVS,2016,Diesel,Manual,"78,094 km","₹7,63,199"
723,SUV,Mumbai,Maruti,S Cross,ZETA 1.3 SHVS,2018,Diesel,Manual,"19,001 km","₹8,14,699"
724,SUV,Mumbai,Hyundai,Creta,1.6 SX PLUS AUTO PETROL,2017,Petrol,Automatic,"31,602 km","₹10,93,399"
725,SUV,Mumbai,Maruti,Ertiga,ZDI PLUS SHVS,2019,Diesel,Manual,"24,585 km","₹12,06,899"
726,SUV,Mumbai,Honda,WR-V,1.5 i-DTEC VX MT,2018,Diesel,Manual,"37,639 km","₹7,56,599"
727,SUV,Mumbai,Maruti,Ertiga,ZDI SHVS,2016,Diesel,Manual,"51,157 km","₹7,79,799"
728,SUV,Mumbai,Ford,Ecosport,1.0 ECOBOOST TITANIUM OPT,2014,Petrol,Manual,"44,165 km","₹4,66,999"
729,SUV,Mumbai,Ford,Ecosport,1.5 TREND TI VCT,2014,Petrol,Manual,"41,955 km","₹4,51,099"
730,SUV,Mumbai,Maruti,Ertiga,VDI,2019,Diesel,Manual,"31,584 km","₹8,57,499"
731,SUV,Mumbai,Tata,Hexa,Varicor 400 XTA,2018,Diesel,Automatic,"39,905 km","₹13,55,199"
732,SUV,Mumbai,Mahindra,TUV300,T10 MT,2017,Diesel,Manual,"57,820 km","₹6,85,299"
733,SUV,Mumbai,Hyundai,Creta,1.6 SX VTVT,2018,Petrol,Manual,"15,061 km","₹10,19,299"
734,SUV,Mumbai,Ford,Ecosport,1.5TITANIUM TDCI,2020,Diesel,Manual,"7,261 km","₹10,11,099"
735,Luxury Sedan,Mumbai,Toyota,Camry,W4 AT,2009,Petrol,Automatic,"99,864 km","₹3,07,299"
736,Luxury Sedan,Mumbai,Toyota,Camry,HYBRID,2017,Petrol,Manual,"69,593 km","₹18,77,199"
737,Luxury Sedan,Mumbai,Hyundai,New Elantra,1.6 SX AT O,2017,Diesel,Automatic,"69,070 km","₹11,68,099"
738,Luxury Sedan,Mumbai,Skoda,Octavia,ELEGANCE 1.8 TSI AT,2015,Petrol,Automatic,"93,768 km","₹8,03,499"
739,Luxury SUV,Mumbai,Jeep,Compass,LIMITED 1.4 AT,2018,Petrol,Automatic,"13,908 km","₹17,16,699"
740,Luxury SUV,Mumbai,Jeep,Compass,LIMITED O 1.4 AT,2018,Petrol,Automatic,"25,460 km","₹15,76,699"
741,Luxury SUV,Mumbai,Mahindra,XUV500,W10 AT FWD,2016,Diesel,Automatic,"62,511 km","₹11,22,799"
742,Luxury SUV,Mumbai,Toyota,Fortuner,3.0 AT 4X2,2016,Diesel,Automatic,"1,71,099 km","₹17,51,499"
743,Hatchback,Pune,Maruti,IGNIS,DELTA 1.2 K12,2017,Petrol,Manual,"41,139 km","₹4,93,599"
744,Hatchback,Pune,Maruti,Alto K10,VXI AMT,2015,Petrol,Manual,"9,226 km","₹3,36,599"
745,Hatchback,Pune,Maruti,Alto 800,LXI,2014,Petrol,Manual,"46,886 km","₹2,74,699"
746,Hatchback,Pune,Maruti,Swift,VXI,2018,Petrol,Manual,"1,08,532 km","₹5,53,299"
747,Hatchback,Pune,Maruti,Alto 800,LXI,2015,Petrol,Manual,"32,560 km","₹2,58,399"
748,Hatchback,Pune,Maruti,Baleno,DELTA 1.2 K12,2017,Petrol,Manual,"18,994 km","₹6,09,199"
749,Hatchback,Pune,Maruti,Alto 800,LXI,2017,Petrol,Manual,"15,575 km","₹3,05,799"
750,Hatchback,Pune,Ford,New Figo,1.2 TITANIUM,2016,Petrol,Manual,"21,454 km","₹3,95,099"
751,Hatchback,Pune,Hyundai,i20 Active,1.2 S,2016,Petrol,Manual,"20,933 km","₹5,70,599"
752,Hatchback,Pune,Hyundai,GRAND I10 NIOS,SPORTZ 1.2 AT,2019,Petrol,Automatic,"2,047 km","₹7,19,399"
753,Hatchback,Pune,Hyundai,Grand i10,MAGNA 1.2 KAPPA VTVT,2017,Petrol,Manual,"20,910 km","₹4,87,099"
754,Hatchback,Pune,Maruti,Celerio,VXI,2014,Petrol,Manual,"33,246 km","₹4,06,199"
755,Hatchback,Pune,Hyundai,Grand i10,ASTA 1.2 (O) VTVT,2016,Petrol,Manual,"46,758 km","₹4,63,799"
756,Hatchback,Pune,Hyundai,Elite i20,1.2 SPORTS PLUS VTVT,2019,Petrol,Manual,"13,240 km","₹7,34,099"
757,Hatchback,Pune,Tata,Tiago,XZ 1.2 REVOTRON,2017,Petrol,Manual,"26,102 km","₹4,63,199"
758,Hatchback,Pune,Volkswagen,Polo,HIGH LINE PLUS 1.0,2018,Petrol,Manual,"9,207 km","₹6,55,499"
759,Hatchback,Pune,Maruti,Baleno,DELTA 1.2 K12,2018,Petrol,Manual,"25,115 km","₹6,00,599"
760,Hatchback,Pune,Hyundai,Elite i20,ASTA 1.2 (O),2016,Petrol,Manual,"44,528 km","₹5,40,799"
761,Hatchback,Pune,Maruti,IGNIS,ZETA 1.2 K12 AMT,2017,Petrol,Automatic,"16,256 km","₹5,45,799"
762,Hatchback,Pune,Maruti,IGNIS,DELTA 1.2 K12,2017,Petrol,Manual,"24,753 km","₹5,04,599"
763,Hatchback,Pune,Nissan,Micra,XL CVT (PETROL),2018,Petrol,Automatic,"14,360 km","₹6,22,099"
764,Hatchback,Pune,Maruti,Baleno,ZETA 1.2 K12,2018,Petrol,Manual,"23,172 km","₹6,37,699"
765,Hatchback,Pune,Hyundai,Grand i10,ASTA 1.2 KAPPA VTVT,2015,Petrol,Manual,"63,175 km","₹4,28,999"
766,Hatchback,Pune,Hyundai,Elite i20,SPORTZ 1.2,2016,Petrol,Manual,"84,580 km","₹5,59,999"
767,Hatchback,Pune,Hyundai,Elite i20,ASTA 1.2,2017,Petrol,Manual,"25,111 km","₹6,09,299"
768,Hatchback,Pune,Hyundai,i20,MAGNA O 1.2,2012,Petrol,Manual,"31,372 km","₹3,97,199"
769,Hatchback,Pune,Hyundai,Elite i20,ASTA 1.2 AT,2018,Petrol,,"10,222 km","₹7,71,699"
770,Hatchback,Pune,Maruti,Baleno,DELTA 1.2 K12,2017,Petrol,Manual,"19,149 km","₹5,95,799"
771,Hatchback,Pune,Maruti,Baleno,DELTA 1.2 K12,2016,Petrol,Manual,"58,063 km","₹5,48,399"
772,Hatchback,Pune,Maruti,Baleno,ZETA 1.2 K12,2019,Petrol,Manual,"10,357 km","₹6,98,299"
773,Hatchback,Pune,Maruti,Celerio,VXI AMT,2016,Petrol,Automatic,"51,815 km","₹3,91,399"
774,Hatchback,Pune,Honda,Brio,1.2 S MT I VTEC,2015,Petrol,Manual,"30,487 km","₹3,82,499"
775,Hatchback,Pune,Hyundai,i20,MAGNA O 1.2,2012,Petrol,Manual,"94,468 km","₹3,70,399"
776,Hatchback,Pune,Maruti,Celerio,ZXI OPT AMT,2016,Petrol,Automatic,"95,276 km","₹3,91,799"
777,Hatchback,Pune,Maruti,Wagon R 1.0,VXI AMT,2018,Petrol,Automatic,"28,071 km","₹4,27,999"
778,Hatchback,Pune,Maruti,Celerio,ZXI,2019,Petrol,Manual,"6,559 km","₹5,21,799"
779,Hatchback,Pune,Honda,Brio,1.2 S MT I VTEC,2016,Petrol,Manual,"15,805 km","₹4,00,799"
780,Hatchback,Pune,Maruti,Baleno,DELTA 1.2 K12,2017,Petrol,Manual,"21,954 km","₹5,55,599"
781,Hatchback,Pune,Maruti,Swift,ZXI,2017,Petrol,Manual,"14,505 km","₹5,43,299"
782,Hatchback,Pune,Hyundai,Grand i10,MAGNA 1.2 KAPPA VTVT,2019,Petrol,Manual,"7,469 km","₹5,40,199"
783,Hatchback,Pune,Maruti,Celerio,VXI,2015,Petrol,Manual,"22,159 km","₹3,62,199"
784,Hatchback,Pune,Maruti,IGNIS,ZETA 1.2 K12 AMT,2018,Petrol,Automatic,"11,321 km","₹5,69,499"
785,Hatchback,Pune,Maruti,Alto K10,VXI,2015,Petrol,Manual,"64,611 km","₹3,13,999"
786,Hatchback,Pune,Maruti,Baleno,ZETA 1.2 K12,2019,Petrol,Manual,"10,458 km","₹6,95,599"
787,Hatchback,Pune,Renault,Kwid,RXT 1.0 EASY-R AT OPTION,2019,Petrol,Automatic,"17,595 km","₹4,26,299"
788,Hatchback,Pune,Tata,Nano,TWIST XTA,2017,Petrol,Automatic,"41,959 km","₹2,25,799"
789,Hatchback,Pune,Hyundai,Grand i10,MAGNA 1.2 KAPPA VTVT,2015,Petrol,Manual,"33,678 km","₹4,46,199"
790,Hatchback,Pune,Maruti,Celerio,VXI AMT,2018,Petrol,Automatic,"20,753 km","₹4,63,399"
791,Hatchback,Pune,Hyundai,i10,ASTA 1.2 AT KAPPA2 WITH SUNROOF,2013,Petrol,Automatic,"30,624 km","₹3,98,999"
792,Hatchback,Pune,Hyundai,i20,MAGNA O 1.4 CRDI,2012,Diesel,Manual,"1,24,487 km","₹4,89,599"
793,Hatchback,Pune,Hyundai,i10,SPORTZ 1.2 AT KAPPA2,2013,Petrol,Automatic,"38,942 km","₹3,55,699"
794,Hatchback,Pune,Maruti,S PRESSO,VXI,2020,Petrol,Manual,"8,651 km","₹4,32,599"
795,Hatchback,Pune,Maruti,Alto 800,VXI,2017,Petrol,Manual,"33,925 km","₹3,03,199"
796,Hatchback,Pune,Maruti,Celerio,ZXI,2018,Petrol,Manual,"10,199 km","₹4,56,199"
797,Hatchback,Pune,Maruti,Alto K10,VXI,2015,Petrol,Manual,"25,490 km","₹3,26,399"
798,Hatchback,Pune,Hyundai,Grand i10,SPORTZ (O) 1.2 AT VTVT,2017,Petrol,Manual,"27,268 km","₹5,46,499"
799,Hatchback,Pune,Maruti,Alto K10,VXI (O) AMT,2018,Petrol,Manual,"19,746 km","₹3,81,199"
800,Hatchback,Pune,Maruti,Alto K10,VXI (O) AMT,2018,Petrol,Manual,"14,908 km","₹3,84,699"
801,Hatchback,Pune,Maruti,Alto K10,VXI,2015,Petrol,Manual,"12,341 km","₹3,11,599"
802,Hatchback,Pune,Maruti,Alto 800,LXI,2017,Petrol,Manual,"12,393 km","₹3,24,099"
803,Hatchback,Pune,Maruti,Alto 800,LXI,2017,Petrol,Manual,"18,797 km","₹3,23,899"
804,Hatchback,Pune,Maruti,Alto 800,LXI,2018,Petrol,Manual,"27,957 km","₹3,24,299"
805,Hatchback,Pune,Maruti,Alto 800,LXI,2017,Petrol,Manual,"22,244 km","₹3,26,599"
806,Hatchback,Pune,Maruti,Swift,VDI,2013,Diesel,Manual,"35,212 km","₹4,14,199"
807,Hatchback,Pune,Renault,Kwid,RXT,2017,Petrol,Manual,"29,055 km","₹3,19,999"
808,Hatchback,Pune,Maruti,Celerio,ZXI,2017,Petrol,Manual,"4,520 km","₹4,61,499"
809,Hatchback,Pune,Maruti,Swift,ZXI,2016,Petrol,Manual,"54,688 km","₹4,80,599"
810,Hatchback,Pune,Hyundai,i20,SPORTZ 1.2 VTVT,2013,Petrol,Manual,"22,785 km","₹3,73,999"
811,Hatchback,Pune,Hyundai,Eon,ERA PLUS,2015,Petrol,Manual,"20,419 km","₹3,11,699"
812,Hatchback,Pune,Maruti,Alto K10,VXI (O) AMT,2018,Petrol,Manual,"14,899 km","₹4,07,299"
813,Hatchback,Pune,Hyundai,Grand i10,magna 1.2 crdi,2017,Diesel,Manual,"32,683 km","₹4,89,199"
814,Hatchback,Pune,Hyundai,Grand i10,ASTA 1.2 (O) VTVT,2016,Petrol,Manual,"36,247 km","₹4,85,199"
815,Hatchback,Pune,Honda,Jazz,1.2 V AT,2017,Petrol,Automatic,"48,106 km","₹6,06,299"
816,Hatchback,Pune,Volkswagen,Polo,HIGHLINE1.2L DIESEL,2012,Diesel,Manual,"67,595 km","₹2,58,399"
817,Hatchback,Pune,Tata,Tiago,XE 1.2 REVOTRON,2018,Petrol,Manual,"12,651 km","₹3,77,899"
818,Hatchback,Pune,Honda,Jazz,1.2 BASE I VTEC,2010,Petrol,Manual,"85,513 km","₹2,37,999"
819,Hatchback,Pune,Maruti,Celerio,VDI,2016,Diesel,Manual,"84,347 km","₹3,82,899"
820,Hatchback,Pune,Maruti,Swift,VXI LIMITED EDITION,2017,Petrol,Manual,"28,108 km","₹4,16,699"
821,Hatchback,Pune,Maruti,Celerio,VXI AMT,2014,Petrol,Automatic,"15,647 km","₹3,70,399"
822,Hatchback,Pune,Maruti,Celerio,VXI,2014,Petrol,Manual,"48,309 km","₹3,59,699"
823,Hatchback,Pune,Hyundai,Elite i20,MAGNA 1.2,2016,Petrol,Manual,"14,207 km","₹5,28,899"
824,Hatchback,Pune,Hyundai,Elite i20,MAGNA 1.2,2016,Petrol,Manual,"22,594 km","₹5,10,299"
825,Hatchback,Pune,Hyundai,Elite i20,ASTA 1.2,2017,Petrol,Manual,"11,775 km","₹6,54,999"
826,Hatchback,Pune,Tata,Tiago,XZ 1.2 REVOTRON,2018,Petrol,Manual,"25,032 km","₹4,51,199"
827,Hatchback,Pune,Hyundai,Eon,SPORTZ,2014,Petrol,Manual,"63,171 km","₹2,40,399"
828,Hatchback,Pune,Maruti,Baleno,DELTA 1.2 K12,2018,Petrol,Manual,"9,439 km","₹6,03,999"
829,Hatchback,Pune,Honda,Jazz,1.2 SELECT I VTEC,2012,Petrol,Manual,"65,710 km","₹3,23,899"
830,Hatchback,Pune,Hyundai,Grand i10,SPORTZ 1.2 KAPPA VTVT,2016,Petrol,Manual,"33,565 km","₹4,14,099"
831,Hatchback,Pune,Datsun,Redi Go,T (O),2017,Petrol,Manual,"17,774 km","₹2,56,799"
832,Hatchback,Pune,Hyundai,Elite i20,MAGNA 1.2,2016,Petrol,Manual,"28,761 km","₹5,07,999"
833,Hatchback,Pune,Maruti,Baleno,ZETA 1.2 K12,2018,Petrol,Manual,"19,481 km","₹6,34,199"
834,Hatchback,Pune,Maruti,Ritz,VXI BS IV,2013,Petrol,Manual,"21,445 km","₹3,23,899"
835,Hatchback,Pune,Maruti,Swift,VXI,2015,Petrol,Manual,"62,081 km","₹4,41,199"
836,Hatchback,Pune,Maruti,Wagon R 1.0,LXI,2015,Petrol,Manual,"57,492 km","₹3,28,999"
837,Hatchback,Pune,Maruti,Alto 800,LXI CNG,2015,Petrol + CNG,Manual,"61,386 km","₹2,36,499"
838,Hatchback,Pune,Maruti,Baleno,ZETA 1.2 K12,2019,Petrol,Manual,"15,076 km","₹6,51,999"
839,Hatchback,Pune,Renault,Kwid,RXT Opt,2019,Petrol,Manual,"4,523 km","₹3,81,799"
840,Hatchback,Pune,Hyundai,Grand i10,ASTA AT 1.2 KAPPA VTVT,2016,Petrol,Manual,"29,826 km","₹4,19,999"
841,Hatchback,Pune,Renault,Kwid,RXT 1.0 EASY-R AT OPTION,2019,Petrol,Automatic,"7,547 km","₹4,83,599"
842,Hatchback,Pune,Maruti,Celerio,ZXI,2016,Petrol,Manual,"39,682 km","₹4,19,599"
843,Hatchback,Pune,Hyundai,i20,MAGNA O 1.2,2010,Petrol + CNG,Manual,"87,846 km","₹1,63,299"
844,Hatchback,Pune,Maruti,Swift,ZXI,2012,Petrol,Manual,"78,889 km","₹3,78,499"
845,Hatchback,Pune,Hyundai,Eon,MAGNA PLUS,2013,Petrol,Manual,"13,809 km","₹2,19,699"
846,Hatchback,Pune,Maruti,Celerio,VXI,2014,Petrol,Manual,"64,208 km","₹3,84,899"
847,Hatchback,Pune,Maruti,Swift,VXI,2015,Petrol,Manual,"44,747 km","₹4,27,899"
848,Hatchback,Pune,Hyundai,Elite i20,ASTA 1.2,2014,Petrol,Manual,"80,954 km","₹5,16,499"
849,Hatchback,Pune,Maruti,Baleno,DELTA 1.2 K12,2017,Petrol,Manual,"10,530 km","₹6,22,199"
850,Hatchback,Pune,Maruti,IGNIS,DELTA 1.2 K12,2018,Petrol,Manual,"12,811 km","₹4,41,499"
851,Hatchback,Pune,Renault,Kwid,RXL,2019,Petrol,Manual,"10,737 km","₹3,90,599"
852,Hatchback,Pune,Hyundai,Eon,SPORTZ,2018,Petrol,Manual,"5,701 km","₹3,63,999"
853,Hatchback,Pune,Maruti,Baleno,ZETA 1.2 K12,2020,Petrol,Manual,"20,524 km","₹6,31,099"
854,Hatchback,Pune,Hyundai,Grand i10,ASTA 1.2 VTVT,2015,Petrol,Manual,"80,058 km","₹3,87,099"
855,Hatchback,Pune,Hyundai,i10,SPORTZ 1.1 IRDE2,2014,Petrol,Manual,"63,456 km","₹3,38,499"
856,Hatchback,Pune,Hyundai,Grand i10,MAGNA 1.2 KAPPA VTVT,2014,Petrol,Manual,"52,072 km","₹4,02,899"
857,Hatchback,Pune,Hyundai,Grand i10,SPORTZ 1.2 KAPPA VTVT,2016,Petrol,Manual,"6,353 km","₹4,51,699"
858,Hatchback,Pune,Maruti,Wagon R 1.0,LXI CNG,2017,Petrol + CNG,Manual,"1,10,993 km","₹3,79,299"
859,Hatchback,Pune,Maruti,Baleno,DELTA 1.2 K12 AT,2016,Petrol,Automatic,"26,581 km","₹5,91,099"
860,Hatchback,Pune,Maruti,Alto 800,LXI,2014,Petrol,Manual,"22,626 km","₹2,48,899"
861,Hatchback,Pune,Volkswagen,Polo,Trendline 1.0 L Petrol,2018,Petrol,Manual,"43,686 km","₹5,06,499"
862,Hatchback,Pune,Hyundai,i20 Active,1.2 S,2017,Petrol,Manual,"57,900 km","₹5,82,699"
863,Hatchback,Pune,Hyundai,Elite i20,ASTA 1.2,2014,Petrol,Manual,"43,096 km","₹5,20,799"
864,Hatchback,Pune,Hyundai,i20 Active,1.4 S,2016,Diesel,Manual,"82,548 km","₹5,96,299"
865,Hatchback,Pune,Hyundai,Elite i20,Magna Executive 1.2,2017,Petrol,Manual,"40,991 km","₹5,25,999"
866,Hatchback,Pune,Maruti,Wagon R Stingray,VXI,2014,Petrol,Manual,"81,428 km","₹3,22,799"
867,Hatchback,Pune,Renault,Kwid,1.0 RXT,2017,Petrol,Manual,"31,147 km","₹3,03,199"
868,Hatchback,Pune,Maruti,Baleno,ZETA 1.2 K12,2016,Petrol,Manual,"50,022 km","₹5,32,199"
869,Hatchback,Pune,Hyundai,Elite i20,ERA 1.2,2017,Petrol,Manual,"11,371 km","₹5,39,199"
870,Hatchback,Pune,Hyundai,Elite i20,SPORTZ 1.2,2017,Petrol,Manual,"6,610 km","₹5,93,799"
871,Hatchback,Pune,Maruti,Swift,VXI,2020,Petrol,Manual,"1,550 km","₹6,27,799"
872,Hatchback,Pune,Maruti,Baleno,ZETA 1.2 K12,2017,Petrol,Manual,"48,530 km","₹5,33,999"
873,Hatchback,Pune,Volkswagen,Polo,GT TSI 1.2 PETROL AT,2017,Petrol,Automatic,"12,773 km","₹7,47,099"
874,Hatchback,Pune,Hyundai,Elite i20,SPORTZ 1.2,2017,Petrol,Manual,"32,251 km","₹6,10,899"
875,Hatchback,Pune,Hyundai,Elite i20,ASTA 1.2 (O),2017,Petrol,Manual,"11,375 km","₹6,37,399"
876,Hatchback,Pune,Hyundai,Eon,MAGNA PLUS,2017,Petrol,Manual,"1,140 km","₹3,46,899"
877,Hatchback,Pune,Maruti,Baleno,ZETA 1.2 K12 CVT,2016,Petrol,Automatic,"42,062 km","₹6,31,899"
878,Hatchback,Pune,Maruti,Baleno,DELTA 1.2 K12,2019,Petrol,Manual,"15,112 km","₹6,47,599"
879,Hatchback,Pune,Maruti,Baleno,RS 1.0 PETROL,2017,Petrol,Manual,"12,840 km","₹6,04,499"
880,Hatchback,Pune,Maruti,Celerio,VXI,2017,Petrol,Manual,"66,663 km","₹4,22,799"
881,Hatchback,Pune,Maruti,IGNIS,ZETA 1.2 K12 AMT,2019,Petrol,Automatic,"13,058 km","₹5,53,499"
882,Hatchback,Pune,Maruti,Swift,VXI,2014,Petrol,Manual,"28,600 km","₹4,11,999"
883,Hatchback,Pune,Hyundai,Grand i10,MAGNA 1.2 KAPPA VTVT,2019,Petrol,Manual,"4,031 km","₹5,26,999"
884,Hatchback,Pune,Maruti,Baleno,ALPHA 1.2 K12,2017,Petrol,Manual,"31,950 km","₹6,28,799"
885,Hatchback,Pune,Maruti,Swift,VDI,2018,Diesel,Manual,"5,284 km","₹6,50,399"
886,Hatchback,Pune,Maruti,Celerio,VXI,2015,Petrol,Manual,"21,306 km","₹3,78,199"
887,Hatchback,Pune,Maruti,Celerio,VXI,2018,Petrol,Manual,"15,478 km","₹4,72,699"
888,Hatchback,Pune,Hyundai,Grand i10,SPORTS 1.2 VTVT,2016,Petrol,Manual,"26,904 km","₹4,63,199"
889,Hatchback,Pune,Maruti,Wagon R 1.0,VXI AMT,2018,Petrol,Automatic,"35,242 km","₹4,50,199"
890,Hatchback,Pune,Maruti,Swift,ZDI,2016,Diesel,Manual,"82,420 km","₹5,34,399"
891,Hatchback,Pune,Maruti,Baleno,ALPHA 1.2 K12,2017,Petrol,Manual,"36,120 km","₹7,02,799"
892,Hatchback,Pune,Hyundai,Grand i10,SPORTS 1.2 AT VTVT,2018,Petrol,Automatic,"16,228 km","₹5,50,199"
893,Hatchback,Pune,Honda,Jazz,1.2 V MT,2018,Petrol,Manual,"23,178 km","₹6,63,499"
894,Hatchback,Pune,Maruti,Baleno,ALPHA 1.2 K12,2019,Petrol,Manual,"4,333 km","₹7,59,499"
895,Hatchback,Pune,Hyundai,Grand i10,1.2 ASTA (O) AT,2016,Petrol,Automatic,"11,819 km","₹5,10,799"
896,Hatchback,Pune,Maruti,S PRESSO,VXI PLUS,2021,Petrol,Manual,470 km,"₹4,69,899"
897,Hatchback,Pune,Hyundai,Grand i10,ASTA AT 1.2 KAPPA VTVT,2015,Petrol,Manual,"10,267 km","₹4,74,799"
898,Hatchback,Pune,Maruti,Alto 800,LXI,2018,Petrol,Manual,"8,465 km","₹3,20,799"
899,Hatchback,Pune,Maruti,Alto K10,VXI (O) AMT,2017,Petrol,Manual,"13,739 km","₹3,62,299"
900,Hatchback,Pune,Maruti,Swift,VXI,2013,Petrol,Manual,"36,351 km","₹3,97,799"
901,Hatchback,Pune,Hyundai,Elite i20,1.2 SPORTS PLUS VTVT,2019,Petrol,Manual,"1,898 km","₹7,34,399"
902,Hatchback,Pune,Maruti,Alto K10,VXI,2016,Petrol,Manual,"25,823 km","₹2,96,899"
903,Hatchback,Pune,Hyundai,Elite i20,SPORTZ 1.4,2017,Diesel,Manual,"68,595 km","₹6,09,899"
904,Hatchback,Pune,Hyundai,GRAND I10 NIOS,SPORTZ 1.2 AT,2019,Petrol,Automatic,"13,922 km","₹6,50,999"
905,Hatchback,Pune,Hyundai,Elite i20,ASTA 1.2 (O),2016,Petrol,Manual,"69,615 km","₹5,34,799"
906,Hatchback,Pune,Maruti,Swift,VDI,2019,Diesel,Manual,"19,590 km","₹7,03,799"
907,Hatchback,Pune,Maruti,Swift,VXI,2020,Petrol,Manual,"16,286 km","₹6,15,399"
908,Hatchback,Pune,Maruti,Celerio,ZXI,2018,Petrol,Manual,"43,901 km","₹4,51,699"
909,Hatchback,Pune,Maruti,Baleno,DELTA 1.2 K12,2017,Petrol + CNG,Manual,"60,665 km","₹5,32,299"
910,Hatchback,Pune,Maruti,Alto 800,VXI,2018,Petrol,Manual,"28,494 km","₹3,29,499"
911,Hatchback,Pune,Hyundai,i20 Active,1.2 SX,2017,Petrol,Manual,"12,910 km","₹6,20,799"
912,Hatchback,Pune,Hyundai,Grand i10,SPORTS 1.2 VTVT,2016,Petrol,Manual,"32,812 km","₹4,33,799"
913,Hatchback,Pune,Hyundai,Grand i10,MAGNA 1.2 KAPPA VTVT,2014,Petrol,Manual,"19,399 km","₹3,87,099"
914,Hatchback,Pune,Hyundai,Elite i20,ASTA 1.2,2015,Petrol,Manual,"64,342 km","₹5,13,299"
915,Hatchback,Pune,Hyundai,Elite i20,MAGNA 1.4 CRDI,2015,Diesel,Manual,"1,04,937 km","₹4,71,499"
916,Hatchback,Pune,Maruti,IGNIS,DELTA 1.2 K12,2017,Petrol,Manual,"30,608 km","₹4,15,099"
917,Hatchback,Pune,Maruti,Swift,VXI OPT,2017,Petrol,Manual,"16,759 km","₹5,20,599"
918,Hatchback,Pune,Maruti,Swift,VXI,2018,Petrol,Manual,"8,339 km","₹5,86,999"
919,Hatchback,Pune,Maruti,Swift,ZXI AMT,2018,Petrol,Automatic,"23,649 km","₹6,18,799"
920,Hatchback,Pune,Maruti,Alto 800,VXI,2017,Petrol,Manual,"16,069 km","₹3,07,599"
921,Hatchback,Pune,Maruti,Baleno,ALPHA 1.2 K12 AMT,2018,Petrol,Automatic,"28,661 km","₹7,04,099"
922,Hatchback,Pune,Ford,Figo,1.4 TITANIUM DURATORQ,2014,Diesel,Manual,"43,237 km","₹3,03,999"
923,Hatchback,Pune,Hyundai,Grand i10,Sportz(O) 1.2 MT,2017,Petrol,Manual,"8,592 km","₹5,04,199"
924,Hatchback,Pune,Maruti,Celerio,VXI AMT,2015,Petrol,Automatic,"53,739 km","₹3,34,999"
925,Hatchback,Pune,Honda,Brio,1.2 VX AT I VTEC,2013,Petrol,Automatic,"56,857 km","₹3,42,199"
926,Hatchback,Pune,Maruti,Swift,ZXI,2019,Petrol,Manual,"11,270 km","₹6,28,199"
927,Hatchback,Pune,Maruti,Baleno,DELTA DDIS 190,2016,Diesel,Manual,"96,899 km","₹5,68,999"
928,Hatchback,Pune,Volkswagen,Polo,GT TSI 1.2 PETROL AT,2016,Petrol,Automatic,"48,730 km","₹6,02,099"
929,Hatchback,Pune,Maruti,Celerio,VXI AMT,2016,Petrol,Automatic,"16,024 km","₹3,85,899"
930,Hatchback,Pune,Maruti,Alto 800,VXI,2016,Petrol,Manual,"16,709 km","₹2,66,799"
931,Hatchback,Pune,Tata,Tiago,XZ 1.2 REVOTRON,2017,Petrol,Manual,"16,358 km","₹3,97,099"
932,Hatchback,Pune,Maruti,Wagon R Stingray,VXI,2014,Petrol + CNG,Manual,"59,494 km","₹3,24,999"
933,Hatchback,Pune,Maruti,Wagon R 1.0,VXI,2016,Petrol,Manual,"42,670 km","₹3,57,699"
934,Hatchback,Pune,Maruti,Wagon R 1.0,VXI AMT,2016,Petrol,Automatic,"8,446 km","₹3,94,399"
935,Hatchback,Pune,Maruti,Wagon R 1.0,VXI,2014,Petrol,Manual,"98,080 km","₹3,27,499"
936,Hatchback,Pune,Hyundai,i20,SPORTZ 1.2 VTVT,2012,Petrol,Manual,"23,044 km","₹3,32,299"
937,Hatchback,Pune,Maruti,Alto 800,LXI,2015,Petrol,Manual,"6,248 km","₹2,91,999"
938,Hatchback,Pune,Maruti,Celerio,VXI,2017,Petrol,Manual,"10,142 km","₹4,09,799"
939,Hatchback,Pune,Maruti,Swift,ZXI AMT,2019,Petrol,Automatic,"26,749 km","₹6,84,899"
940,Hatchback,Pune,Maruti,Baleno,ZETA 1.2 K12,2018,Petrol,Manual,"16,994 km","₹6,02,999"
941,Hatchback,Pune,Renault,Kwid,RXT,2019,Petrol,Manual,"3,141 km","₹3,96,199"
942,Hatchback,Pune,Hyundai,i20,MAGNA 1.4 CRDI,2013,Diesel,Manual,"72,869 km","₹3,94,499"
943,Sedan,Pune,Maruti,Swift Dzire,VDI BS IV,2012,Diesel,Manual,"40,145 km","₹4,62,599"
944,Sedan,Pune,Maruti,Dzire,ZXI AMT,2017,Petrol,Automatic,"1,16,512 km","₹5,75,499"
945,Sedan,Pune,Maruti,Swift Dzire,VXI 1.2 BS IV,2016,Petrol,Manual,"85,566 km","₹5,30,899"
946,Sedan,Pune,Hyundai,Verna,FLUIDIC 1.6 VTVT S (O) MT,2015,Petrol,Manual,"25,274 km","₹5,04,299"
947,Sedan,Pune,Hyundai,Verna,1.6 SX VTVT AT (O),2018,Petrol,Automatic,"36,856 km","₹11,16,099"
948,Sedan,Pune,Hyundai,Xcent,S 1.2,2014,Petrol,Manual,"35,256 km","₹3,81,699"
949,Sedan,Pune,Maruti,Ciaz,VDI,2015,Diesel,Manual,"1,61,918 km","₹5,28,299"
950,Sedan,Pune,Honda,City,VX CVT PETROL,2018,Petrol,Automatic,"17,138 km","₹9,83,099"
951,Sedan,Pune,Honda,Amaze,VX AT I DTEC,2019,Diesel,Automatic,"23,810 km","₹7,75,499"
952,Sedan,Pune,Honda,Amaze,1.5 SX MT I DTEC,2014,Diesel,Manual,"54,831 km","₹3,69,499"
953,Sedan,Pune,Maruti,Swift Dzire,VDI BS IV,2013,Diesel,Manual,"74,296 km","₹5,28,199"
954,Sedan,Pune,Maruti,Dzire,VDI,2018,Diesel,Manual,"64,285 km","₹7,30,799"
955,Sedan,Pune,Maruti,Swift Dzire,VXI 1.2 BS IV,2013,Petrol,Manual,"27,784 km","₹4,59,199"
956,Sedan,Pune,Maruti,Ciaz,ZXI,2014,Petrol,Manual,"93,091 km","₹5,01,899"
957,Sedan,Pune,Maruti,Dzire,VXI AMT,2017,Petrol,Automatic,"67,513 km","₹6,20,599"
958,Sedan,Pune,Honda,City,S MT PETROL,2011,Petrol,Manual,"1,01,973 km","₹3,06,899"
959,Sedan,Pune,Maruti,Ciaz,ZDI+ SHVS,2015,Diesel,Manual,"1,25,499 km","₹5,89,299"
960,Sedan,Pune,Maruti,Dzire,VXI AMT,2017,Petrol,Automatic,"19,822 km","₹6,28,699"
961,Sedan,Pune,Hyundai,Verna,FLUIDIC 1.6 SX VTVT,2014,Petrol,Manual,"43,443 km","₹5,40,299"
962,Sedan,Pune,Hyundai,Verna,1.6 SX VTVT,2019,Petrol,Manual,"11,728 km","₹8,93,199"
963,Sedan,Pune,Maruti,Ciaz,ALPHA 1.3 DDIS SHVS,2018,Diesel,Manual,"50,685 km","₹7,72,199"
964,Sedan,Pune,Hyundai,Xcent,E PLUS,2017,Petrol,Manual,"45,922 km","₹4,62,099"
965,Sedan,Pune,Hyundai,Xcent,S 1.2,2017,Petrol,Manual,"31,123 km","₹4,48,199"
966,Sedan,Pune,Volkswagen,Jetta,HIGHLINE TDI AT,2015,Diesel,Automatic,"99,881 km","₹9,67,499"
967,Sedan,Pune,Volkswagen,Ameo,HIGHLINE 1.2,2016,Petrol,Manual,"32,750 km","₹4,73,299"
968,Sedan,Pune,Hyundai,Verna,1.6 SX (O) CRDI MT,2018,Diesel,Manual,"35,363 km","₹10,30,799"
969,Sedan,Pune,Honda,City,S MT PETROL,2014,Petrol,Manual,"1,46,906 km","₹4,51,899"
970,Sedan,Pune,Maruti,Dzire,ZXI,2017,Petrol,Manual,"37,024 km","₹5,62,099"
971,Sedan,Pune,Maruti,Dzire,VXI,2019,Petrol,Manual,"19,015 km","₹6,53,799"
972,Sedan,Pune,Skoda,Rapid,1.0 AMBITION TSI MT,2020,Petrol,Manual,"6,981 km","₹9,01,299"
973,Sedan,Pune,Hyundai,Verna,1.6 SX VTVT AT (O),2018,Petrol,Automatic,"24,240 km","₹10,47,399"
974,Sedan,Pune,Maruti,Dzire,ZXI Plus AMT,2017,Petrol,Automatic,"38,194 km","₹6,47,999"
975,Sedan,Pune,Ford,Figo Aspire,1.5 TREND DIESEL,2018,Diesel,Manual,"47,965 km","₹5,16,399"
976,Sedan,Pune,Maruti,Dzire,VDI,2017,Diesel,Manual,"1,07,185 km","₹6,74,399"
977,Sedan,Pune,Maruti,Dzire,ZDI,2017,Diesel,Manual,"40,204 km","₹7,30,399"
978,Sedan,Pune,Maruti,Ciaz,ZETA 1.4 VVT AMT,2018,Petrol,Automatic,"31,002 km","₹8,08,399"
979,Sedan,Pune,Maruti,Ciaz,ALPHA 1.4 VVT AMT,2018,Petrol,Automatic,"15,112 km","₹7,80,599"
980,Sedan,Pune,Honda,Amaze,1.2 V CVT I VTEC,2018,Petrol,Manual,"11,852 km","₹7,07,599"
981,Sedan,Pune,Hyundai,Verna,1.6 SX VTVT AT (O),2018,Petrol,Automatic,"16,869 km","₹10,53,199"
982,Sedan,Pune,Maruti,Dzire,VXI,2018,Petrol,Manual,"15,755 km","₹6,62,499"
983,Sedan,Pune,Honda,City,V MT PETROL,2018,Petrol,Manual,"18,363 km","₹10,50,299"
984,Sedan,Pune,Hyundai,Verna,1.6 SX VTVT AT (O),2018,Petrol,Automatic,"12,584 km","₹11,23,999"
985,Sedan,Pune,Maruti,Dzire,VXI AMT,2020,Petrol,Automatic,"3,000 km","₹7,58,599"
986,Sedan,Pune,Maruti,Dzire,VXI,2018,Petrol,Manual,"6,778 km","₹6,89,599"
987,Sedan,Pune,Hyundai,Verna,1.6 SX VTVT AT (O),2018,Petrol,Automatic,"60,214 km","₹10,60,199"
988,Sedan,Pune,Maruti,Swift Dzire,VXI 1.2 BS IV,2013,Petrol,Manual,"42,182 km","₹4,55,099"
989,Sedan,Pune,Maruti,Swift Dzire,VDI BS IV,2013,Diesel,Manual,"72,893 km","₹5,60,099"
990,Sedan,Pune,Maruti,Dzire,ZDI,2018,Diesel,Manual,"26,367 km","₹7,82,999"
991,Sedan,Pune,Maruti,Dzire,VDI,2018,Diesel,Manual,"53,186 km","₹7,18,499"
992,Sedan,Pune,Maruti,Dzire,ZDI,2019,Diesel,Manual,"34,404 km","₹8,33,899"
993,Sedan,Pune,Honda,Amaze,1.2 EXMT I VTEC,2013,Petrol,Manual,"15,271 km","₹4,14,599"
994,Sedan,Pune,Hyundai,Verna,FLUIDIC 1.6 VTVT S,2016,Petrol,Manual,"6,319 km","₹5,20,599"
995,Sedan,Pune,Maruti,Dzire,VXI AMT,2020,Petrol,Automatic,"15,315 km","₹7,30,899"
996,Sedan,Pune,Maruti,Ciaz,ALPHA 1.3 DDIS SHVS,2018,Diesel,Manual,"15,511 km","₹8,98,799"
997,Sedan,Pune,Honda,Civic,VX CVT i-VTEC,2019,Petrol,Automatic,"15,611 km","₹15,27,199"
998,Sedan,Pune,Hyundai,Xcent,S 1.2 OPT,2014,Petrol,Manual,"41,980 km","₹4,20,699"
999,Sedan,Pune,Maruti,Dzire,VDI,2017,Diesel,Manual,"15,738 km","₹6,71,699"
1000,Sedan,Pune,Honda,Amaze,1.2 V CVT I VTEC,2018,Petrol,Manual,"48,214 km","₹6,36,899"
1001,Sedan,Pune,Maruti,Swift Dzire,VXI 1.2 BS IV,2015,Petrol,Manual,"95,918 km","₹4,22,999"
1002,Sedan,Pune,Maruti,Swift Dzire,VXI 1.2 BS IV,2014,Petrol,Manual,"30,601 km","₹4,49,699"
1003,Sedan,Pune,Maruti,Swift Dzire,VXI 1.2 BS IV,2012,Petrol,Manual,"49,478 km","₹3,64,099"
1004,Sedan,Pune,Honda,City,SV CVT PETROL,2015,Petrol,Automatic,"38,714 km","₹5,52,299"
1005,Sedan,Pune,Maruti,Swift Dzire,VDI BS IV,2016,Diesel,Manual,"64,120 km","₹5,80,099"
1006,Sedan,Pune,Ford,Figo Aspire,1.2 TITANIUM PETROL,2019,Petrol,Manual,"14,526 km","₹5,69,999"
1007,Sedan,Pune,Hyundai,Verna,1.6 CRDI SX + AT,2018,Diesel,Automatic,"12,729 km","₹10,75,099"
1008,Sedan,Pune,Honda,Amaze,1.2 VXMT I VTEC,2018,Petrol,Manual,"14,604 km","₹6,40,799"
1009,SUV,Pune,Ford,Ecosport,1.5 TREND TI VCT,2016,Petrol,Manual,"23,304 km","₹6,21,299"
1010,SUV,Pune,Maruti,S Cross,SIGMA SHVS,2018,Diesel,Manual,"37,002 km","₹7,88,199"
1011,SUV,Pune,Maruti,Vitara Brezza,VDI,2017,Diesel,Manual,"24,367 km","₹7,14,899"
1012,SUV,Pune,Ford,Ecosport,1.5 TITANIUM PLUS TI VCT AT,2019,Petrol,Manual,"22,773 km","₹9,57,199"
1013,SUV,Pune,Tata,Hexa,Varicor 400 XT,2017,Diesel,Manual,"99,380 km","₹8,98,299"
1014,SUV,Pune,Maruti,Ertiga,VDI SHVS,2017,Diesel,Manual,"93,844 km","₹7,57,699"
1015,SUV,Pune,Hyundai,VENUE,1.0L Turbo GDI SX(O) MT,2019,Petrol,Manual,"8,924 km","₹9,98,999"
1016,SUV,Pune,Tata,NEXON,XZA + 1.2 PETROL A/T,2018,Petrol,Automatic,"18,534 km","₹8,59,199"
1017,SUV,Pune,Toyota,Innova,2.5 VX 7 STR BS IV,2015,Diesel,Manual,"89,358 km","₹9,05,099"
1018,SUV,Pune,Ford,Ecosport,TREND + 1.5 TI VCT AT,2018,Petrol,Manual,"20,282 km","₹7,20,999"
1019,SUV,Pune,Maruti,Ertiga,VDI SHVS,2017,Diesel,Manual,"79,817 km","₹7,88,499"
1020,SUV,Pune,Maruti,Ertiga,ZDI PLUS SHVS,2017,Diesel,Manual,"62,533 km","₹8,22,399"
1021,SUV,Pune,Maruti,Vitara Brezza,VDI AMT,2019,Diesel,Manual,"67,109 km","₹7,75,099"
1022,SUV,Pune,Maruti,S Cross,ZETA SHVS,2017,Diesel,Manual,"80,900 km","₹8,54,099"
1023,SUV,Pune,Ford,Ecosport,1.5TITANIUM TDCI,2018,Diesel,Manual,"14,643 km","₹9,15,299"
1024,SUV,Pune,Maruti,Vitara Brezza,VDI,2019,Diesel,Manual,"42,680 km","₹8,04,599"
1025,SUV,Pune,Maruti,Vitara Brezza,VDI OPT,2017,Diesel,Manual,"98,197 km","₹7,54,699"
1026,SUV,Pune,Maruti,Vitara Brezza,ZDI AMT,2018,Diesel,Automatic,"35,579 km","₹9,43,499"
1027,SUV,Pune,Hyundai,Creta,1.6 CRDI SX PLUS AUTO,2017,Diesel,Automatic,"97,226 km","₹11,28,199"
1028,SUV,Pune,Maruti,Vitara Brezza,ZDI+ DUAL TONE AMT,2018,Diesel,,"38,175 km","₹9,40,699"
1029,Luxury Sedan,Pune,Hyundai,New Elantra,1.6 SX AT O,2017,Diesel,Automatic,"69,070 km","₹11,68,099"
1030,Luxury Sedan,Pune,Skoda,Octavia,ELEGANCE 1.8 TSI AT,2015,Petrol,Automatic,"93,768 km","₹8,03,499"
1031,Luxury Sedan,Pune,Toyota,Camry,W4 AT,2009,Petrol,Automatic,"99,864 km","₹3,07,299"
1032,Luxury Sedan,Pune,Toyota,Camry,HYBRID,2017,Petrol,Manual,"69,593 km","₹18,77,199"
1033,Luxury SUV,Pune,Toyota,Fortuner,3.0 AT 4X2,2016,Diesel,Automatic,"1,71,099 km","₹17,51,499"
1034,Luxury SUV,Pune,Jeep,Compass,LIMITED 1.4 AT,2018,Petrol,Automatic,"13,908 km","₹17,16,699"
1035,Luxury SUV,Pune,Jeep,Compass,LIMITED O 1.4 AT,2018,Petrol,Automatic,"25,460 km","₹15,76,699"
1036,Luxury SUV,Pune,Mahindra,XUV500,W10 AT FWD,2016,Diesel,Automatic,"62,511 km","₹11,22,799"
