,car_type,location,brand,model,version,year,fuel_type,transmission_type,distance_driven,price
0,Hatchback,Ahmedabad,Maruti,Swift,VDI ABS,2017,Diesel,Manual,"1,20,109 km","₹4,60,399"
1,Hatchback,Ahmedabad,Maruti,Baleno,DELTA 1.2 K12,2017,Petrol,Manual,"42,489 km","₹5,06,299"
2,Hatchback,Ahmedabad,Renault,Kwid,1.0 RXT Opt,2019,Petrol,Manual,"1,739 km","₹3,90,999"
3,Hatchback,Ahmedabad,Hyundai,Elite i20,1.4 CRDI ASTA (O),2017,Diesel,Manual,"50,932 km","₹5,88,499"
4,Hatchback,Ahmedabad,Maruti,Baleno,DELTA DDIS 190,2017,Diesel,Manual,"73,016 km","₹5,20,499"
5,Hatchback,Ahmedabad,Maruti,Alto 800,LXI,2017,Petrol,Manual,"82,228 km","₹2,63,999"
6,Hatchback,Ahmedabad,Maruti,Baleno,DELTA 1.2 K12,2018,Petrol,Manual,"77,498 km","₹4,99,799"
7,Hatchback,Ahmedabad,Maruti,Alto 800,LXI,2017,Petrol,Manual,"79,235 km","₹2,77,899"
8,Hatchback,Ahmedabad,Maruti,Alto 800,LXI,2017,Petrol,Manual,"28,159 km","₹2,81,099"
9,Hatchback,Ahmedabad,Maruti,Baleno,DELTA DDIS 190,2017,Diesel,Manual,"83,204 km","₹5,05,799"
10,Hatchback,Ahmedabad,Maruti,Swift,VXI,2019,Petrol,Manual,"63,292 km","₹5,29,399"
11,Hatchback,Ahmedabad,Maruti,Swift,VXI,2019,Petrol,Manual,"90,461 km","₹5,48,699"
12,Hatchback,Ahmedabad,Maruti,Swift,VDI ABS,2017,Diesel,Manual,"50,348 km","₹5,00,299"
13,Hatchback,Ahmedabad,Maruti,Baleno,DELTA 1.2 K12,2020,Petrol,Manual,"4,560 km","₹6,39,099"
14,Hatchback,Ahmedabad,Hyundai,Elite i20,SPORTZ 1.4,2017,Diesel,Manual,"76,218 km","₹7,33,799"
15,Hatchback,Ahmedabad,Maruti,Baleno,DELTA 1.2 K12,2020,Petrol,Manual,188 km,"₹7,08,199"
16,Hatchback,Ahmedabad,Maruti,Baleno,DELTA 1.2 K12,2019,Petrol,Manual,"28,399 km","₹6,13,099"
17,Hatchback,Ahmedabad,Maruti,Alto,LXI,2020,Petrol,Manual,"11,454 km","₹3,30,799"
18,Hatchback,Ahmedabad,Maruti,Baleno,DELTA 1.2 K12,2019,Petrol,Manual,"11,316 km","₹6,28,199"
19,Hatchback,Ahmedabad,Maruti,S PRESSO,VXI PLUS,2019,Petrol,,"5,696 km","₹4,11,299"
20,Hatchback,Ahmedabad,Hyundai,Elite i20,SPORTZ 1.4,2017,Diesel,Manual,"96,155 km","₹5,71,399"
21,Hatchback,Ahmedabad,Maruti,Baleno,DELTA 1.2 K12,2020,Petrol,Manual,"11,847 km","₹6,36,699"
22,Hatchback,Ahmedabad,Hyundai,Eon,MAGNA PLUS,2017,Petrol,Manual,"46,703 km","₹3,23,999"
23,Hatchback,Ahmedabad,Maruti,Alto 800,LXI,2018,Petrol,Manual,"22,854 km","₹3,11,199"
24,Hatchback,Ahmedabad,Hyundai,Grand i10,SPORTZ 1.2 KAPPA VTVT,2017,Petrol,Manual,"19,892 km","₹4,76,699"
25,Hatchback,Ahmedabad,Maruti,Alto 800,LXI,2017,Petrol + CNG,Manual,"1,20,767 km","₹2,79,799"
26,Hatchback,Ahmedabad,Maruti,Alto,VXI PLUS,2020,Petrol,Manual,"5,573 km","₹3,73,599"
27,Hatchback,Ahmedabad,Hyundai,Grand i10,Sportz(O) 1.2 MT,2017,Petrol,Manual,"1,00,687 km","₹5,27,799"
28,Hatchback,Ahmedabad,Maruti,Alto 800,LXI,2019,Petrol,Manual,"8,500 km","₹3,36,699"
29,Hatchback,Ahmedabad,Maruti,Swift,VDI,2015,Diesel,Manual,"1,83,063 km","₹3,87,299"
30,Hatchback,Ahmedabad,Maruti,Swift,VDI,2012,Diesel,Manual,"1,82,731 km","₹3,09,499"
31,Hatchback,Ahmedabad,Maruti,Swift,VDI ABS,2015,Diesel,Manual,"95,978 km","₹3,94,899"
32,Hatchback,Ahmedabad,Maruti,Swift,VDI ABS,2015,Diesel,Manual,"94,015 km","₹4,27,099"
33,Hatchback,Ahmedabad,Maruti,Wagon R 1.0,VXI,2018,Petrol,Manual,"69,788 km","₹3,94,799"
34,Hatchback,Ahmedabad,Maruti,Baleno,DELTA DDIS 190,2017,Diesel,Manual,"71,863 km","₹4,81,999"
35,Hatchback,Ahmedabad,Volkswagen,Polo,HIGH LINE PLUS 1.0,2019,Petrol,Manual,"26,138 km","₹6,43,399"
36,Hatchback,Ahmedabad,Maruti,Swift,VXI,2016,Petrol,Manual,"72,625 km","₹4,74,999"
37,Hatchback,Ahmedabad,Hyundai,Elite i20,MAGNA 1.4 CRDI,2016,Diesel,Manual,"43,878 km","₹5,35,399"
38,Hatchback,Ahmedabad,Maruti,Baleno,DELTA 1.2 K12,2017,Petrol,Manual,"26,275 km","₹5,48,599"
39,Hatchback,Ahmedabad,Maruti,Celerio,ZXI,2018,Petrol,Manual,"27,756 km","₹4,35,799"
40,Hatchback,Ahmedabad,Tata,Tiago,XZ+ 1.2 Revotron,2019,Petrol,Manual,"35,438 km","₹4,46,299"
41,Hatchback,Ahmedabad,Hyundai,Elite i20,SPORTZ 1.2,2018,Petrol,Manual,"35,297 km","₹5,99,399"
42,Hatchback,Ahmedabad,Maruti,Celerio,ZXI AMT,2018,Petrol,Automatic,"41,352 km","₹4,40,199"
43,Hatchback,Ahmedabad,Maruti,Alto K10,VXI (O) AMT,2017,Petrol,Manual,"70,593 km","₹3,24,899"
44,Hatchback,Ahmedabad,Maruti,Swift,VDI,2019,Diesel,Manual,"11,312 km","₹6,34,999"
45,Hatchback,Ahmedabad,Maruti,Swift,VDI,2019,Diesel,Manual,"26,746 km","₹6,33,499"
46,Hatchback,Ahmedabad,Renault,Kwid,RXT 1.0 EASY-R AT,2018,Petrol,Manual,"25,553 km","₹3,41,699"
47,Hatchback,Ahmedabad,Maruti,Alto 800,LXI,2017,Petrol,Manual,"73,700 km","₹2,72,999"
48,Hatchback,Ahmedabad,Maruti,Baleno,DELTA 1.2 K12,2017,Petrol,Manual,"41,383 km","₹5,12,399"
49,Hatchback,Ahmedabad,Maruti,Baleno,DELTA DDIS 190,2018,Diesel,Manual,"68,152 km","₹5,03,899"
50,Hatchback,Ahmedabad,Maruti,Alto 800,VXI,2017,Petrol,Manual,"12,654 km","₹3,11,299"
51,Hatchback,Ahmedabad,Maruti,Celerio,ZXI,2019,Petrol,Manual,"19,578 km","₹4,54,699"
52,Hatchback,Ahmedabad,Maruti,Baleno,DELTA 1.2 K12,2018,Petrol,Manual,"21,119 km","₹5,86,099"
53,Hatchback,Ahmedabad,Hyundai,GRAND I10 NIOS,SPORTZ 1.2 AT,2020,Petrol,Automatic,"2,435 km","₹7,12,399"
54,Hatchback,Ahmedabad,Maruti,Baleno,DELTA 1.2 K12,2018,Petrol + CNG,Manual,"1,32,012 km","₹5,59,199"
55,Hatchback,Ahmedabad,Hyundai,Elite i20,1.4 CRDI ASTA (O),2017,Diesel,Manual,"96,475 km","₹6,03,699"
56,Hatchback,Ahmedabad,Maruti,Baleno,DELTA 1.2 K12,2020,Petrol,Manual,"3,905 km","₹6,80,499"
57,Hatchback,Ahmedabad,Maruti,Baleno,ZETA 1.2 K12,2020,Petrol,Manual,"20,259 km","₹6,56,899"
58,Hatchback,Ahmedabad,Maruti,Baleno,DELTA 1.2 K12,2020,Petrol,Manual,"6,109 km","₹6,62,599"
59,Hatchback,Ahmedabad,Maruti,Alto K10,VXI,2019,Petrol,Manual,"29,272 km","₹3,46,199"
60,Hatchback,Ahmedabad,Hyundai,GRAND I10 NIOS,SPORTZ PETROL,2019,Petrol,Manual,"16,336 km","₹6,09,899"
61,Hatchback,Ahmedabad,Maruti,Baleno,DELTA 1.2 K12,2020,Petrol,Manual,216 km,"₹7,05,499"
62,Hatchback,Ahmedabad,Maruti,Baleno,DELTA 1.2 K12,2020,Petrol,Manual,213 km,"₹7,12,599"
63,Hatchback,Ahmedabad,Maruti,Baleno,DELTA 1.2 K12,2020,Petrol,Manual,225 km,"₹7,12,499"
64,Hatchback,Ahmedabad,Maruti,Baleno,DELTA 1.2 K12,2020,Petrol,Manual,169 km,"₹7,12,399"
65,Hatchback,Ahmedabad,Maruti,Baleno,DELTA 1.2 K12,2020,Petrol,Manual,200 km,"₹7,13,499"
66,Hatchback,Ahmedabad,Maruti,Baleno,DELTA 1.2 K12,2020,Petrol,Manual,223 km,"₹7,13,499"
67,Hatchback,Ahmedabad,Maruti,Baleno,ZETA 1.2 K12,2020,Petrol,Manual,188 km,"₹7,20,799"
68,Hatchback,Ahmedabad,Maruti,Baleno,ZETA 1.2 K12,2020,Petrol,Manual,154 km,"₹7,20,199"
69,Hatchback,Ahmedabad,Maruti,Baleno,ZETA 1.2 K12,2020,Petrol,Manual,200 km,"₹7,24,899"
70,Hatchback,Ahmedabad,Maruti,Baleno,ZETA 1.2 K12,2020,Petrol,Manual,146 km,"₹7,19,399"
71,Hatchback,Ahmedabad,Maruti,Alto,VXI,2020,Petrol,Manual,"12,571 km","₹3,82,199"
72,Hatchback,Ahmedabad,Maruti,Alto,VXI,2020,Petrol,Manual,"11,061 km","₹3,78,499"
73,Hatchback,Ahmedabad,Maruti,Alto,VXI,2020,Petrol,Manual,"10,732 km","₹3,79,799"
74,Hatchback,Ahmedabad,Maruti,Alto,LXI,2020,Petrol,Manual,"4,179 km","₹3,30,799"
75,Hatchback,Ahmedabad,Maruti,Alto,LXI,2020,Petrol,Manual,"22,458 km","₹3,39,399"
76,Hatchback,Ahmedabad,Maruti,Alto,LXI,2020,Petrol,Manual,"7,214 km","₹3,44,799"
77,Hatchback,Ahmedabad,Maruti,Alto,LXI,2019,Petrol,Manual,"14,811 km","₹2,82,999"
78,Hatchback,Ahmedabad,Maruti,Alto,LXI,2020,Petrol,Manual,"38,222 km","₹3,61,899"
79,Hatchback,Ahmedabad,Hyundai,i10,SPORTZ 1.1 IRDE2,2015,Petrol,Manual,"1,28,377 km","₹3,56,799"
80,Hatchback,Ahmedabad,Maruti,Alto,VXI,2020,Petrol,Manual,"6,371 km","₹4,01,899"
81,Hatchback,Ahmedabad,Maruti,Baleno,ZETA 1.2 K12,2019,Petrol,Manual,"69,553 km","₹6,18,499"
82,Hatchback,Ahmedabad,Maruti,Alto 800,LXI,2018,Petrol,Manual,"1,42,263 km","₹2,96,099"
83,Hatchback,Ahmedabad,Maruti,Alto 800,VXI,2018,Petrol,Manual,"24,853 km","₹2,96,799"
84,Hatchback,Ahmedabad,Maruti,Alto,VXI,2020,Petrol,Manual,"10,185 km","₹3,90,399"
85,Hatchback,Ahmedabad,Maruti,IGNIS,SIGMA 1.2 K12,2020,Petrol,Manual,"38,762 km","₹5,22,399"
86,Hatchback,Ahmedabad,Maruti,Celerio,ZXI,2020,Petrol,Manual,"5,798 km","₹5,26,999"
87,Hatchback,Ahmedabad,Maruti,Alto 800,LXI,2018,Petrol,Manual,"20,086 km","₹3,11,199"
88,Hatchback,Ahmedabad,Hyundai,Elite i20,1.4 CRDI ASTA (O),2016,Diesel,Manual,"1,05,472 km","₹5,68,299"
89,Hatchback,Ahmedabad,Maruti,Alto 800,VXI,2018,Petrol,Manual,"9,064 km","₹3,19,199"
90,Hatchback,Ahmedabad,Hyundai,Elite i20,1.4 CRDI ASTA (O),2018,Diesel,Manual,"81,282 km","₹6,30,999"
91,Hatchback,Ahmedabad,Maruti,Alto,LXI,2021,Petrol,Manual,"11,698 km","₹3,68,299"
92,Hatchback,Ahmedabad,Hyundai,Grand i10,Sportz(O) 1.2 MT,2017,Petrol,Manual,"18,026 km","₹5,06,199"
93,Hatchback,Ahmedabad,Hyundai,Grand i10,MAGNA 1.2 KAPPA VTVT,2017,Petrol,Manual,"20,773 km","₹4,84,699"
94,Hatchback,Ahmedabad,Honda,Brio,1.2 S MT I VTEC,2014,Petrol,Manual,"86,695 km","₹3,31,299"
95,Hatchback,Ahmedabad,Hyundai,Grand i10,SPORTZ 1.2 KAPPA VTVT,2017,Petrol,Manual,"9,155 km","₹5,22,399"
96,Hatchback,Ahmedabad,Hyundai,Grand i10,SPORTZ 1.2 KAPPA VTVT,2019,Petrol,Manual,"27,957 km","₹5,47,599"
97,Hatchback,Ahmedabad,Hyundai,Grand i10,MAGNA 1.2 VTVT,2015,Petrol,Manual,"1,00,207 km","₹4,14,499"
98,Hatchback,Ahmedabad,Hyundai,Grand i10,SPORTZ 1.2 KAPPA VTVT,2019,Petrol,Manual,"5,836 km","₹5,44,399"
99,Hatchback,Ahmedabad,Hyundai,Grand i10,MAGNA 1.2 VTVT,2020,Petrol,Manual,"21,423 km","₹5,50,199"
100,Hatchback,Ahmedabad,Hyundai,Grand i10,MAGNA 1.2 KAPPA VTVT,2018,Petrol,Manual,"55,825 km","₹4,84,099"
101,Hatchback,Ahmedabad,Hyundai,Grand i10,SPORTZ 1.2 KAPPA VTVT,2019,Petrol,Manual,"17,468 km","₹5,90,099"
102,Hatchback,Ahmedabad,Maruti,Wagon R 1.0,VXI,2018,Petrol,Manual,"13,779 km","₹4,13,399"
103,Hatchback,Ahmedabad,Maruti,Swift,VXI,2018,Petrol,Manual,"80,785 km","₹5,04,999"
104,Hatchback,Ahmedabad,Maruti,Swift,VDI,2013,Diesel,Manual,"73,436 km","₹3,72,299"
105,Hatchback,Ahmedabad,Hyundai,Santro Xing,GL PLUS,2013,Petrol,Manual,"29,899 km","₹3,01,199"
106,Hatchback,Ahmedabad,Maruti,Swift,VDI,2018,Diesel,Manual,"61,712 km","₹5,42,299"
107,Hatchback,Ahmedabad,Hyundai,Grand i10,MAGNA 1.1 CRDI,2016,Diesel,Manual,"1,35,645 km","₹3,48,999"
108,Hatchback,Ahmedabad,Maruti,Swift,VXI,2018,Petrol,Manual,"20,490 km","₹5,38,099"
109,Hatchback,Ahmedabad,Maruti,Baleno,ALPHA DDIS 190,2018,Diesel,Manual,"27,200 km","₹6,04,099"
110,Hatchback,Ahmedabad,Maruti,Alto,LXI,2019,Petrol,Manual,"12,016 km","₹2,83,999"
111,Hatchback,Ahmedabad,Hyundai,i10,SPORTZ 1.1 IRDE2,2014,Petrol,Manual,"41,279 km","₹3,45,499"
112,Hatchback,Ahmedabad,Maruti,Alto 800,LXI,2019,Petrol,Manual,"34,959 km","₹2,72,999"
113,Hatchback,Ahmedabad,Maruti,Baleno,ZETA 1.2 K12,2019,Petrol,Manual,"24,142 km","₹6,12,599"
114,Hatchback,Ahmedabad,Maruti,S PRESSO,VXI PLUS,2020,Petrol,Manual,"11,529 km","₹3,98,599"
115,Hatchback,Ahmedabad,Maruti,Celerio,ZXI,2019,Petrol,Manual,"15,733 km","₹4,47,099"
116,Hatchback,Ahmedabad,Maruti,Alto,LXI,2020,Petrol,Manual,"8,992 km","₹3,09,399"
117,Hatchback,Ahmedabad,Maruti,Alto K10,VXI,2018,Petrol,Manual,"20,259 km","₹3,30,799"
118,Hatchback,Ahmedabad,Maruti,Alto 800,LXI,2018,Petrol,Manual,"50,463 km","₹3,32,599"
119,Hatchback,Ahmedabad,Renault,Kwid,RXT,2016,Petrol,Manual,"49,268 km","₹2,43,699"
120,Hatchback,Ahmedabad,Renault,Kwid,RXT 1.0 EASY-R AT OPTION,2017,Petrol,Automatic,"34,513 km","₹3,18,199"
121,Hatchback,Ahmedabad,Datsun,Redi Go,T (O),2018,Petrol,Manual,"10,212 km","₹2,98,999"
122,Hatchback,Ahmedabad,Maruti,Alto K10,VXI,2012,Petrol,Manual,"39,247 km","₹2,08,199"
123,Hatchback,Ahmedabad,Ford,New Figo,1.5 TREND,2018,Diesel,Manual,"32,344 km","₹4,54,699"
124,Hatchback,Ahmedabad,Maruti,Swift,LXI,2020,Petrol,Manual,"6,789 km","₹4,85,699"
125,Hatchback,Ahmedabad,Hyundai,Eon,ERA PLUS,2017,Petrol,Manual,"51,139 km","₹3,21,099"
126,Hatchback,Ahmedabad,Maruti,S PRESSO,VXI,2020,Petrol,Manual,"15,160 km","₹3,85,799"
127,Hatchback,Ahmedabad,Honda,Brio,1.2 S MT I VTEC,2015,Petrol,Manual,"75,168 km","₹3,71,799"
128,Hatchback,Ahmedabad,Maruti,Swift,VDI ABS,2015,Diesel,Manual,"60,507 km","₹4,31,599"
129,Hatchback,Ahmedabad,Maruti,Swift,VXI,2015,Petrol,Manual,"62,428 km","₹4,17,599"
130,Hatchback,Ahmedabad,Maruti,Swift,VDI,2018,Diesel,Manual,"80,779 km","₹4,96,199"
131,Hatchback,Ahmedabad,Maruti,Swift,VXI,2016,Petrol,Manual,"30,358 km","₹4,56,499"
132,Hatchback,Ahmedabad,Maruti,Alto 800,LXI,2017,Petrol,Manual,"16,782 km","₹2,81,199"
133,Hatchback,Ahmedabad,Maruti,S PRESSO,VXI PLUS,2019,Petrol,Manual,"9,842 km","₹4,11,599"
134,Hatchback,Ahmedabad,Maruti,Alto 800,LXI,2019,Petrol,Manual,"61,829 km","₹2,98,499"
135,Hatchback,Ahmedabad,Maruti,Wagon R 1.0,LXI,2014,Petrol,Manual,"17,433 km","₹3,33,699"
136,Hatchback,Ahmedabad,Maruti,Swift,ZDI,2015,Diesel,Manual,"86,607 km","₹4,55,599"
137,Hatchback,Ahmedabad,Hyundai,Elite i20,ASTA 1.2,2014,Petrol,Manual,"63,572 km","₹5,08,699"
138,Hatchback,Ahmedabad,Maruti,Baleno,DELTA 1.2 K12,2017,Petrol,Manual,"18,346 km","₹5,63,999"
139,Hatchback,Ahmedabad,Renault,Kwid,RXL,2019,Petrol,Manual,"21,560 km","₹3,51,899"
140,Hatchback,Ahmedabad,Maruti,Baleno,DELTA 1.2 K12,2019,Petrol,Manual,"13,973 km","₹6,22,299"
141,Hatchback,Ahmedabad,Hyundai,GRAND I10 NIOS,Asta Petrol,2019,Petrol,Manual,"25,597 km","₹6,33,399"
142,Hatchback,Ahmedabad,Maruti,Baleno,ZETA 1.2 K12,2019,Petrol,Manual,"69,420 km","₹5,99,599"
143,Hatchback,Ahmedabad,Maruti,Alto,LXI,2020,Petrol,Manual,"19,824 km","₹3,61,599"
144,Hatchback,Ahmedabad,Maruti,Alto 800,LXI,2018,Petrol,Manual,"30,143 km","₹3,01,799"
145,Hatchback,Ahmedabad,Honda,Jazz,1.2 V MT,2018,Petrol,Manual,"9,837 km","₹5,77,899"
146,Hatchback,Ahmedabad,Hyundai,Elite i20,ASTA 1.4 CRDI,2016,Diesel,Manual,"1,11,938 km","₹5,00,999"
147,Hatchback,Ahmedabad,Hyundai,Elite i20,MAGNA 1.4 CRDI,2015,Diesel,Manual,"47,728 km","₹4,58,999"
148,Hatchback,Ahmedabad,Maruti,IGNIS,DELTA 1.2 K12,2017,Petrol,Manual,"17,847 km","₹4,32,899"
149,Hatchback,Ahmedabad,Maruti,Baleno,SIGMA 1.2 K12,2020,Petrol,Manual,"32,326 km","₹5,21,999"
150,Hatchback,Ahmedabad,Maruti,Alto,LXI,2019,Petrol,Manual,"3,629 km","₹2,90,199"
151,Hatchback,Ahmedabad,Maruti,Alto 800,LXI,2017,Petrol + CNG,Manual,"70,145 km","₹2,83,099"
152,Sedan,Ahmedabad,Ford,Figo Aspire,1.5 TITANIUM DIESEL,2017,Diesel,Manual,"95,535 km","₹4,05,299"
153,Sedan,Ahmedabad,Maruti,Ciaz,VDI+ SHVS,2016,Diesel,Manual,"86,056 km","₹5,14,099"
154,Sedan,Ahmedabad,Maruti,Dzire,ZDI Plus,2017,Diesel,Manual,"77,118 km","₹6,16,199"
155,Sedan,Ahmedabad,Maruti,Dzire,ZDI Plus,2017,Diesel,Manual,"40,422 km","₹6,65,799"
156,Sedan,Ahmedabad,Maruti,Ciaz,ZETA 1.4 VVT,2018,Petrol,Manual,"83,093 km","₹6,95,299"
157,Sedan,Ahmedabad,Hyundai,Xcent,S 1.2,2016,Petrol + CNG,Manual,"1,08,002 km","₹4,61,099"
158,Sedan,Ahmedabad,Volkswagen,Vento,HIGHLINE PLUS 1.0 TSI AT,2020,Petrol,Automatic,"17,464 km","₹8,89,399"
159,Sedan,Ahmedabad,Maruti,Dzire,VXI,2019,Petrol,Manual,"15,123 km","₹6,71,899"
160,Sedan,Ahmedabad,Honda,Civic,VX CVT i-VTEC,2019,Petrol,Automatic,"24,716 km","₹13,84,399"
161,Sedan,Ahmedabad,Hyundai,Verna,1.6 CRDI SX + AT,2018,Diesel,Automatic,"57,533 km","₹10,24,599"
162,Sedan,Ahmedabad,Honda,City,VX CVT PETROL,2018,Petrol,Automatic,"94,837 km","₹9,25,499"
163,Sedan,Ahmedabad,Maruti,Ciaz,DELTA 1.5 SHVS VVT MT,2020,Petrol,Manual,"16,242 km","₹7,40,499"
164,Sedan,Ahmedabad,Ford,Figo Aspire,1.2 TITANIUM PETROL,2018,Petrol,Manual,"46,791 km","₹4,82,399"
165,Sedan,Ahmedabad,Honda,City,ZX CVT,2018,Petrol,Automatic,"18,032 km","₹10,72,699"
166,Sedan,Ahmedabad,Ford,Figo Aspire,1.5 TITANIUM DIESEL,2017,Diesel,Manual,"55,089 km","₹4,58,099"
167,Sedan,Ahmedabad,Maruti,Dzire,ZXI Plus,2020,Petrol,Manual,"25,940 km","₹6,78,599"
168,Sedan,Ahmedabad,Honda,City,SV MT PETROL,2019,Petrol,Manual,"62,998 km","₹8,77,599"
169,Sedan,Ahmedabad,Maruti,Swift Dzire,VDI BS IV,2014,Diesel,Manual,"77,035 km","₹3,97,299"
170,Sedan,Ahmedabad,Maruti,Dzire,VDI,2017,Diesel,Manual,"64,299 km","₹5,50,799"
171,Sedan,Ahmedabad,Maruti,Ciaz,DELTA 1.3 DDIS SHVS,2017,Diesel,Manual,"85,440 km","₹5,80,299"
172,Sedan,Ahmedabad,Maruti,Dzire,ZDI Plus,2017,Diesel,Manual,"60,463 km","₹6,36,399"
173,Sedan,Ahmedabad,Maruti,Dzire,ZDI AMT,2018,Diesel,Automatic,"1,43,414 km","₹5,63,999"
174,Sedan,Ahmedabad,Maruti,Dzire,VXI,2018,Petrol,Manual,"47,506 km","₹5,90,899"
175,Sedan,Ahmedabad,Hyundai,AURA,SX+ AT,2020,Petrol,Automatic,"16,013 km","₹7,27,699"
176,Sedan,Ahmedabad,Hyundai,Xcent,1.2 S VTVT,2015,Petrol,Manual,"42,001 km","₹4,42,599"
177,SUV,Ahmedabad,Hyundai,Creta,1.6 E + VTVT,2019,Petrol,Manual,"5,616 km","₹10,19,899"
178,SUV,Ahmedabad,Maruti,S Cross,ZETA 1.3,2016,Diesel,Manual,"79,672 km","₹5,34,399"
179,SUV,Ahmedabad,Hyundai,VENUE,S MT 1.2 KAPPA,2020,Petrol,Manual,"4,689 km","₹7,75,399"
180,SUV,Ahmedabad,Maruti,Vitara Brezza,VDI,2016,Diesel,Manual,"62,745 km","₹5,88,699"
181,SUV,Ahmedabad,Maruti,XL6,ALPHA SHVS MT,2019,Petrol,Manual,"48,327 km","₹9,15,399"
182,SUV,Ahmedabad,Maruti,S Cross,ZETA 1.3 SHVS,2018,Diesel,,"52,120 km","₹7,53,299"
183,SUV,Ahmedabad,Hyundai,Creta,1.6 EX CRDI,2020,Diesel,Manual,"26,284 km","₹12,53,899"
184,SUV,Ahmedabad,Hyundai,Creta,1.6 SX AT PETROL,2018,Petrol,Automatic,"27,656 km","₹12,46,599"
185,SUV,Ahmedabad,Hyundai,Creta,1.6 SX CRDI,2016,Diesel,Manual,"1,32,350 km","₹7,85,299"
186,SUV,Ahmedabad,Maruti,Eeco,5 STR WITH AC PLUSHTR,2019,Petrol,Manual,"80,770 km","₹4,63,799"
187,SUV,Ahmedabad,Maruti,Vitara Brezza,VDI OPT,2017,Diesel,Manual,"58,743 km","₹6,71,099"
188,SUV,Ahmedabad,Hyundai,Creta,1.6 SX CRDI,2018,Diesel,Manual,"71,100 km","₹10,59,199"
189,SUV,Ahmedabad,Maruti,Eeco,5 STR WITH AC PLUSHTR,2019,Petrol,Manual,"13,464 km","₹4,81,299"
190,SUV,Ahmedabad,Hyundai,VENUE,S MT 1.2 KAPPA,2020,Petrol,Manual,"1,420 km","₹7,63,899"
191,SUV,Ahmedabad,Maruti,Vitara Brezza,VDI OPT,2016,Diesel,Manual,"1,10,954 km","₹5,76,399"
192,SUV,Ahmedabad,Maruti,S Cross,ZETA 1.3,2017,Diesel,Manual,"1,12,490 km","₹6,10,899"
193,SUV,Ahmedabad,Maruti,Vitara Brezza,ZDI PLUS DUAL TONE,2016,Diesel,Manual,"1,11,377 km","₹6,89,999"
194,SUV,Ahmedabad,Hyundai,VENUE,S MT 1.2 KAPPA,2021,Petrol,Manual,"5,656 km","₹7,86,899"
195,SUV,Ahmedabad,Hyundai,Creta,1.4 S PLUS CRDI,2016,Diesel,Manual,"1,39,199 km","₹7,29,999"
196,SUV,Ahmedabad,Hyundai,VENUE,S Plus MT 1.2 Kappa,2020,Petrol,Manual,"1,343 km","₹8,78,299"
197,SUV,Ahmedabad,Hyundai,VENUE,S MT 1.2 KAPPA,2020,Petrol,Manual,"5,231 km","₹8,45,499"
198,SUV,Ahmedabad,Maruti,Vitara Brezza,ZDI PLUS DUAL TONE,2016,Diesel,Manual,"74,203 km","₹7,39,199"
199,SUV,Ahmedabad,Maruti,S Cross,ZETA 1.3 SHVS,2018,Diesel,Manual,"22,662 km","₹7,63,699"
200,SUV,Ahmedabad,Ford,Ecosport,1.5TITANIUM TDCI,2016,Diesel,Manual,"94,403 km","₹5,63,399"
201,SUV,Ahmedabad,Maruti,Vitara Brezza,VDI OPT,2017,Diesel,Manual,"79,803 km","₹6,09,799"
202,SUV,Ahmedabad,Maruti,Eeco,5 STR WITH AC PLUSHTR,2019,Petrol,Manual,"4,606 km","₹4,68,599"
203,SUV,Ahmedabad,Maruti,Eeco,5 STR WITH AC PLUSHTR,2019,Petrol,Manual,"21,982 km","₹4,41,499"
204,SUV,Ahmedabad,Maruti,Eeco,5 STR WITH AC PLUSHTR,2019,Petrol,Manual,"11,882 km","₹4,81,699"
205,SUV,Ahmedabad,Hyundai,Creta,1.6 SX CRDI,2017,Diesel,Manual,"1,23,087 km","₹7,82,999"
206,SUV,Ahmedabad,Hyundai,Creta,1.6 CRDI SX PLUS AUTO,2017,Diesel,Automatic,"89,732 km","₹8,67,799"
207,SUV,Ahmedabad,Hyundai,Creta,1.4 E PLUS CRDI,2018,Diesel,Manual,"2,41,497 km","₹7,75,999"
208,SUV,Ahmedabad,Ford,Ecosport,1.5TITANIUM TDCI,2017,Diesel,Manual,"54,613 km","₹6,23,799"
209,SUV,Ahmedabad,Ford,Ecosport,TITANIUM PLUS 1.5 TI VCT MT,2021,Petrol,Manual,"3,543 km","₹9,48,399"
210,SUV,Ahmedabad,Maruti,Vitara Brezza,VDI,2017,Diesel,Manual,"79,483 km","₹6,07,399"
211,SUV,Ahmedabad,Maruti,Eeco,5 STR WITH AC PLUSHTR,2020,Petrol,Manual,"16,036 km","₹4,66,599"
212,SUV,Ahmedabad,Maruti,Vitara Brezza,VDI OPT,2017,Diesel,Manual,"18,237 km","₹7,17,999"
213,SUV,Ahmedabad,Ford,Ecosport,1.5TITANIUM TDCI,2020,Diesel,Manual,"1,328 km","₹9,64,499"
214,SUV,Ahmedabad,Ford,Ecosport,1.5TITANIUM TDCI,2017,Diesel,Manual,"63,121 km","₹6,21,999"
215,SUV,Ahmedabad,Ford,Ecosport,1.5TITANIUM TDCI,2020,Diesel,Manual,"13,709 km","₹9,19,999"
216,SUV,Ahmedabad,Mahindra,TUV300,T10 MT,2018,Diesel,Manual,"1,18,642 km","₹6,92,099"
217,SUV,Ahmedabad,Ford,Ecosport,1.5TITANIUM TDCI,2017,Diesel,Manual,"71,900 km","₹6,15,499"
218,SUV,Ahmedabad,Ford,Ecosport,1.5 TDCI TITANIUM PLUS,2018,Diesel,Manual,"34,592 km","₹7,65,299"
219,SUV,Ahmedabad,Ford,Ecosport,1.5 TITANIUM PLUS TI VCT AT,2020,Petrol,Manual,"12,718 km","₹9,88,899"
220,SUV,Ahmedabad,Ford,Ecosport,1.5 TDCI TITANIUM PLUS,2018,Diesel,Manual,"58,632 km","₹7,66,099"
221,SUV,Ahmedabad,Maruti,Vitara Brezza,VDI,2018,Diesel,Manual,"72,378 km","₹7,02,299"
222,SUV,Ahmedabad,Ford,Ecosport,1.5TITANIUM TDCI,2018,Diesel,Manual,"78,828 km","₹7,26,299"
223,SUV,Ahmedabad,Maruti,Vitara Brezza,VDI,2018,Diesel,Manual,"1,04,921 km","₹7,47,799"
224,SUV,Ahmedabad,Maruti,Vitara Brezza,VDI,2019,Diesel,Manual,"50,075 km","₹7,51,799"
225,SUV,Ahmedabad,Maruti,Vitara Brezza,VDI,2018,Diesel,Manual,"71,597 km","₹7,09,999"
226,SUV,Ahmedabad,Maruti,Vitara Brezza,VDI,2019,Diesel,Manual,"15,598 km","₹8,08,499"
227,SUV,Ahmedabad,Ford,Ecosport,1.5 TDCI TITANIUM PLUS,2018,Diesel,Manual,"95,720 km","₹7,28,599"
228,SUV,Ahmedabad,Ford,Ecosport,1.5TITANIUM TDCI,2018,Diesel,Manual,"1,31,657 km","₹7,47,999"
229,SUV,Ahmedabad,Mahindra,XUV 3OO,1.5 W4 MT,2019,Diesel,Manual,"21,571 km","₹7,05,199"
230,SUV,Ahmedabad,Maruti,Ertiga,VDI SHVS,2018,Diesel,Manual,"41,543 km","₹7,40,799"
231,SUV,Ahmedabad,Maruti,S Cross,ZETA 1.3 SHVS,2018,Diesel,Manual,"42,122 km","₹7,88,199"
232,SUV,Ahmedabad,Maruti,S Cross,ZETA 1.3 SHVS,2018,Diesel,Manual,"32,162 km","₹8,43,399"
233,SUV,Ahmedabad,Renault,TRIBER,1.0 RXZ,2019,Petrol,Manual,"12,226 km","₹5,61,099"
234,SUV,Ahmedabad,Maruti,Eeco,5 STR WITH AC PLUSHTR,2020,Petrol,Manual,"3,121 km","₹4,10,799"
235,SUV,Ahmedabad,Maruti,Eeco,5 STR WITH AC PLUSHTR,2019,Petrol,Manual,"7,905 km","₹4,73,199"
236,SUV,Ahmedabad,Maruti,Eeco,5 STR WITH AC PLUSHTR,2020,Petrol,Manual,"4,152 km","₹4,48,099"
237,SUV,Ahmedabad,Maruti,Ertiga,VDI SHVS,2017,Diesel,Manual,"84,213 km","₹7,07,399"
238,SUV,Ahmedabad,Maruti,Vitara Brezza,VDI,2019,Diesel,Manual,"17,123 km","₹8,01,599"
239,SUV,Ahmedabad,Ford,Ecosport,1.5TITANIUM TDCI,2016,Diesel,Manual,"99,250 km","₹5,35,199"
240,SUV,Ahmedabad,Honda,WR-V,1.5 i-DTEC VX MT,2018,Diesel,Manual,"38,346 km","₹6,82,799"
241,SUV,Ahmedabad,Ford,Ecosport,1.5 TITANIUM SPORTS(SUNROOF),2021,Diesel,,"6,636 km","₹10,19,399"
242,SUV,Ahmedabad,Hyundai,VENUE,S MT 1.2 KAPPA,2020,Petrol,Manual,"3,423 km","₹7,73,399"
243,SUV,Ahmedabad,Hyundai,Creta,1.6 SX (O) CRDI,2015,Diesel,Manual,"1,50,321 km","₹7,52,399"
244,SUV,Ahmedabad,Maruti,Vitara Brezza,ZDI PLUS,2017,Diesel,Manual,"62,920 km","₹6,82,299"
245,SUV,Ahmedabad,Maruti,Vitara Brezza,ZDI PLUS DUAL TONE,2020,Diesel,Manual,"24,398 km","₹8,37,899"
246,SUV,Ahmedabad,Hyundai,Creta,1.6 E + VTVT,2016,Petrol,Manual,"36,658 km","₹7,06,099"
247,SUV,Ahmedabad,Hyundai,Creta,1.6 SX CRDI,2016,Diesel,,"72,057 km","₹7,63,299"
248,SUV,Ahmedabad,Ford,Ecosport,1.5 TITANIUM TI VCT,2019,Petrol,Manual,"11,869 km","₹7,49,499"
249,SUV,Ahmedabad,Maruti,Ertiga,ZXI SMART HYBRID,2019,Petrol,Manual,"14,913 km","₹9,16,799"
250,SUV,Ahmedabad,Maruti,Eeco,5 STR WITH AC PLUSHTR,2019,Petrol,Manual,"46,092 km","₹4,44,399"
251,SUV,Ahmedabad,Toyota,Innova,2.5 VX 8 STR BS IV,2013,Diesel,Manual,"2,80,921 km","₹7,05,599"
252,SUV,Ahmedabad,Maruti,Eeco,5 STR WITH AC PLUSHTR,2019,Petrol,Manual,"9,230 km","₹4,66,399"
253,SUV,Ahmedabad,Hyundai,Creta,1.6 CRDI SX PLUS AUTO,2017,Diesel,Automatic,"70,456 km","₹8,79,299"
254,SUV,Ahmedabad,Hyundai,Creta,1.6 S PLUS AT CRDI,2016,Diesel,Manual,"94,709 km","₹7,76,099"
255,SUV,Ahmedabad,Maruti,XL6,ALPHA AT SHVS,2020,Petrol,Automatic,"27,295 km","₹10,24,699"
256,SUV,Ahmedabad,Maruti,Ertiga,ZXI SMART HYBRID,2019,Petrol,Manual,"8,424 km","₹9,44,399"
257,SUV,Ahmedabad,Maruti,Ertiga,VDI SHVS,2017,Diesel,Manual,"47,668 km","₹7,46,899"
258,SUV,Ahmedabad,Hyundai,Creta,1.6 CRDI SX PLUS AUTO,2017,Diesel,Automatic,"34,914 km","₹9,43,699"
259,Luxury Sedan,Ahmedabad,Audi,A3,35TDI PREMIUM,2018,Diesel,Automatic,"39,254 km","₹20,97,099"
260,Luxury SUV,Ahmedabad,Jeep,Compass,2.0 LONGITUDE (O),2018,Diesel,Manual,"57,010 km","₹12,46,099"
261,Luxury SUV,Ahmedabad,Jeep,Compass,2.0 LIMITED,2019,Diesel,Manual,"60,802 km","₹14,18,499"
262,Luxury SUV,Ahmedabad,Toyota,Fortuner,3.0 MT 4X4,2012,Diesel,Manual,"1,84,782 km","₹11,56,999"
