,car_type,location,brand,model,version,year,fuel_type,transmission_type,distance_driven,price
0,Hatchback,Chennai,Maruti,Wagon R 1.0,VXI,2015,Petrol,Manual,"66,143 km","₹3,93,799"
1,Hatchback,Chennai,Maruti,Wagon R Stingray,VXI,2015,Petrol,Manual,"7,586 km","₹4,30,099"
2,Hatchback,Chennai,Maruti,Alto,LXI,2011,Petrol,Manual,"9,924 km","₹2,51,299"
3,Hatchback,Chennai,Maruti,Alto K10,VXI,2015,Petrol,Manual,"21,172 km","₹3,03,499"
4,Hatchback,Chennai,Maruti,Wagon R 1.0,VXI,2017,Petrol,Manual,"24,080 km","₹4,30,599"
5,Hatchback,Chennai,Maruti,Swift,VXI OPT,2016,Petrol,Manual,"51,823 km","₹4,78,099"
6,Hatchback,Chennai,Maruti,Swift,VXI,2017,Petrol,Manual,"16,944 km","₹5,74,099"
7,Hatchback,Chennai,Hyundai,Elite i20,Magna Executive 1.2,2018,Petrol,Manual,"33,908 km","₹5,61,899"
8,Hatchback,Chennai,Maruti,Alto K10,VXI,2015,Petrol,Manual,"19,239 km","₹3,18,299"
9,Hatchback,Chennai,Toyota,Glanza,G MT PETROL,2021,Petrol,Manual,312 km,"₹8,28,699"
10,Hatchback,Chennai,Maruti,Celerio,ZXI OPT AMT,2016,Petrol,Automatic,"35,227 km","₹4,05,699"
11,Hatchback,Chennai,Maruti,Alto 800,LXI,2016,Petrol,Manual,"41,246 km","₹2,62,599"
12,Hatchback,Chennai,Ford,New Figo,1.5 TITANIUM,2017,Diesel,Manual,"31,011 km","₹5,06,499"
13,Hatchback,Chennai,Maruti,Baleno,ZETA 1.2 K12,2017,Petrol,Manual,"56,285 km","₹6,34,399"
14,Hatchback,Chennai,Hyundai,Elite i20,1.2 SPORTS PLUS VTVT,2019,Petrol,Manual,"20,235 km","₹6,74,999"
15,Hatchback,Chennai,Volkswagen,Polo,COMFORTLINE 1.2L PETROL,2017,Petrol,Manual,"37,314 km","₹5,39,699"
16,Hatchback,Chennai,Hyundai,Eon,ERA PLUS,2016,Petrol,Manual,"25,415 km","₹2,93,299"
17,Hatchback,Chennai,Tata,Tiago,XZ+ 1.2 Revotron,2019,Petrol,Manual,"18,171 km","₹5,12,599"
18,Hatchback,Chennai,Maruti,Alto 800,LXI,2017,Petrol,Manual,"35,253 km","₹3,04,799"
19,Hatchback,Chennai,Maruti,Baleno,DELTA 1.2 K12,2018,Petrol,Manual,"47,755 km","₹6,23,799"
20,Hatchback,Chennai,Maruti,Alto 800,LXI,2017,Petrol,Manual,"2,419 km","₹3,26,999"
21,Hatchback,Chennai,Maruti,Alto K10,VXI (O) AMT,2017,Petrol,Manual,"24,207 km","₹3,21,599"
22,Hatchback,Chennai,Hyundai,Elite i20,SPORTZ (O) 1.2,2015,Petrol,Manual,"50,315 km","₹5,61,699"
23,Hatchback,Chennai,Maruti,Alto K10,VXI,2017,Petrol,Manual,"40,895 km","₹3,24,699"
24,Hatchback,Chennai,Hyundai,Elite i20,ASTA 1.2,2015,Petrol,Manual,"47,147 km","₹5,93,099"
25,Hatchback,Chennai,Hyundai,Elite i20,ASTA 1.2,2014,Petrol,Manual,"83,895 km","₹5,88,899"
26,Hatchback,Chennai,Honda,Jazz,VX 1.2,2019,Petrol,Manual,"6,957 km","₹7,13,999"
27,Hatchback,Chennai,Hyundai,i10,MAGNA 1.2 KAPPA2,2012,Petrol,Manual,"25,619 km","₹3,11,899"
28,Hatchback,Chennai,Hyundai,Elite i20,SPORTZ (O) 1.2,2015,Petrol,Manual,"64,360 km","₹5,56,899"
29,Hatchback,Chennai,Maruti,S PRESSO,VXI PLUS AGS,2020,Petrol,Automatic,"7,687 km","₹4,88,199"
30,Hatchback,Chennai,Maruti,S PRESSO,VXI PLUS,2020,Petrol,Manual,"1,366 km","₹4,48,399"
31,Hatchback,Chennai,Maruti,Alto K10,VXI AMT,2019,Petrol,Manual,"12,927 km","₹4,31,199"
32,Hatchback,Chennai,Hyundai,i20 Active,1.2 SX,2016,Petrol,Manual,"93,588 km","₹5,88,899"
33,Hatchback,Chennai,Hyundai,Eon,ERA PLUS,2017,Petrol,Manual,"23,727 km","₹3,34,799"
34,Hatchback,Chennai,Hyundai,Elite i20,SPORTZ 1.2,2016,Petrol,Manual,"87,618 km","₹5,44,199"
35,Hatchback,Chennai,Renault,Kwid,RXT,2016,Petrol,Manual,"23,804 km","₹3,67,499"
36,Hatchback,Chennai,Hyundai,Elite i20,1.2 MAGNA PLUS VTVT,2019,Petrol,Manual,"12,657 km","₹6,53,799"
37,Hatchback,Chennai,Maruti,Baleno,DELTA 1.2 K12,2016,Petrol,Manual,"25,636 km","₹5,87,799"
38,Hatchback,Chennai,Honda,Jazz,1.2 V AT,2017,Petrol,Automatic,"42,090 km","₹6,18,299"
39,Hatchback,Chennai,Hyundai,Elite i20,Magna Executive 1.2,2018,Petrol,Manual,"17,946 km","₹6,08,199"
40,Hatchback,Chennai,Maruti,Baleno,ALPHA 1.2 K12,2016,Petrol,Manual,"50,154 km","₹6,66,299"
41,Hatchback,Chennai,Maruti,Celerio X,Zxi AMT,2018,Petrol,Automatic,"13,722 km","₹5,28,599"
42,Hatchback,Chennai,Maruti,Celerio X,Zxi AMT,2018,Petrol,Automatic,"17,651 km","₹5,25,699"
43,Hatchback,Chennai,Renault,Kwid,RXT 1.0 EASY-R AT,2017,Petrol,Manual,"27,213 km","₹3,93,099"
44,Hatchback,Chennai,Maruti,Swift,VXI,2019,Petrol,Manual,"13,471 km","₹6,47,299"
45,Hatchback,Chennai,Honda,Jazz,1.2 VX AT,2019,Petrol,Automatic,"4,355 km","₹8,97,299"
46,Hatchback,Chennai,Honda,Brio,1.2 VX MT I VTEC,2016,Petrol,Manual,"56,493 km","₹3,97,299"
47,Hatchback,Chennai,Maruti,Swift,VXI,2019,Petrol,Manual,"25,852 km","₹6,09,499"
48,Hatchback,Chennai,Hyundai,Elite i20,ASTA 1.2 (O),2018,Petrol,Manual,"59,079 km","₹6,84,499"
49,Hatchback,Chennai,Maruti,Baleno,ZETA 1.2 K12,2017,Petrol,Manual,"42,893 km","₹6,42,999"
50,Hatchback,Chennai,Tata,Tiago,XZ 1.2 REVOTRON,2018,Petrol,Manual,"33,555 km","₹5,34,599"
51,Hatchback,Chennai,Tata,Tiago,XZ 1.2 REVOTRON,2018,Petrol,Manual,"38,855 km","₹5,23,899"
52,Hatchback,Chennai,Maruti,Swift,VXI,2017,Petrol,Manual,"28,845 km","₹5,71,899"
53,Hatchback,Chennai,Maruti,Swift,VXI,2014,Petrol,Manual,"3,423 km","₹4,76,299"
54,Hatchback,Chennai,Maruti,Swift,VXI,2018,Petrol,Manual,"31,935 km","₹5,76,599"
55,Hatchback,Chennai,Maruti,Celerio,VXI AMT,2015,Petrol,Automatic,"29,560 km","₹3,94,099"
56,Hatchback,Chennai,Maruti,Swift,VXI,2016,Petrol,Manual,"48,732 km","₹4,58,999"
57,Hatchback,Chennai,Hyundai,Grand i10,SPORTZ 1.2 KAPPA VTVT,2016,Petrol,Manual,"68,788 km","₹4,31,599"
58,Hatchback,Chennai,Hyundai,Eon,ERA PLUS,2017,Petrol,Manual,"69,220 km","₹3,21,099"
59,Hatchback,Chennai,Maruti,IGNIS,ZETA 1.2 K12,2018,Petrol,Manual,"26,097 km","₹5,31,499"
60,Hatchback,Chennai,Maruti,Swift,VXI,2016,Petrol,Manual,"62,101 km","₹4,92,399"
61,Hatchback,Chennai,Hyundai,Grand i10,MAGNA 1.2 KAPPA VTVT,2018,Petrol,Manual,"32,373 km","₹4,87,099"
62,Hatchback,Chennai,Hyundai,i10,MAGNA 1.1 IRDE2,2016,Petrol,Manual,"26,280 km","₹3,86,699"
63,Hatchback,Chennai,Toyota,Etios Liva,GD,2012,Diesel,Manual,"1,11,086 km","₹4,05,099"
64,Hatchback,Chennai,Hyundai,Grand i10,SPORTZ 1.2 KAPPA VTVT,2016,Petrol,Manual,"33,165 km","₹4,62,599"
65,Hatchback,Chennai,Hyundai,Grand i10,MAGNA 1.2 VTVT,2015,Petrol,Manual,"4,571 km","₹4,55,999"
66,Hatchback,Chennai,Maruti,Celerio,ZXI AMT,2017,Petrol,Automatic,"58,236 km","₹4,74,499"
67,Hatchback,Chennai,Hyundai,i10,MAGNA 1.1 IRDE2,2014,Petrol,Manual,"50,139 km","₹3,61,999"
68,Hatchback,Chennai,Hyundai,Grand i10,SPORTZ (O) 1.2 AT VTVT,2017,Petrol,Manual,"24,297 km","₹5,29,799"
69,Hatchback,Chennai,Honda,Brio,1.2 S MT I VTEC,2012,Petrol,Manual,"65,786 km","₹3,79,399"
70,Hatchback,Chennai,Maruti,Wagon R 1.0,VXI AMT,2017,Petrol,Automatic,"15,869 km","₹4,04,399"
71,Hatchback,Chennai,Maruti,Alto 800,LXI OPT,2016,Petrol,Manual,"95,754 km","₹2,67,199"
72,Hatchback,Chennai,Maruti,Celerio,VXI,2019,Petrol,Manual,"13,079 km","₹4,69,999"
73,Hatchback,Chennai,Hyundai,Eon,ERA PLUS,2017,Petrol,Manual,"37,522 km","₹3,47,299"
74,Hatchback,Chennai,Maruti,Celerio,VXI,2017,Petrol,Manual,"21,695 km","₹4,32,999"
75,Hatchback,Chennai,Maruti,Swift,VXI,2018,Petrol,Manual,"75,890 km","₹5,72,499"
76,Hatchback,Chennai,Maruti,Celerio,ZXI AMT,2017,Petrol,Automatic,"80,951 km","₹4,58,999"
77,Hatchback,Chennai,Maruti,IGNIS,DELTA 1.2 K12,2019,Petrol,Manual,"17,283 km","₹5,67,799"
78,Hatchback,Chennai,Hyundai,Grand i10,MAGNA 1.2 KAPPA VTVT,2017,Petrol,Manual,"8,795 km","₹4,81,099"
79,Hatchback,Chennai,Maruti,Wagon R 1.0,VXI,2017,Petrol,Manual,"41,221 km","₹4,30,499"
80,Hatchback,Chennai,Maruti,IGNIS,DELTA 1.2 K12,2019,Petrol,Manual,"1,518 km","₹5,81,299"
81,Hatchback,Chennai,Maruti,Wagon R 1.0,VXI,2015,Petrol,Manual,"15,078 km","₹3,97,299"
82,Hatchback,Chennai,Hyundai,Eon,ERA+ SE,2017,Petrol,Manual,"9,851 km","₹3,62,099"
83,Hatchback,Chennai,Hyundai,Eon,ERA PLUS,2017,Petrol,Manual,"19,377 km","₹3,63,999"
84,Hatchback,Chennai,Maruti,Wagon R 1.0,VXI,2015,Petrol,Manual,"76,693 km","₹4,12,499"
85,Hatchback,Chennai,Maruti,Wagon R 1.0,VXI OPT,2017,Petrol,Manual,"18,213 km","₹4,31,099"
86,Hatchback,Chennai,Maruti,Wagon R 1.0,VXI,2013,Petrol,Manual,"52,468 km","₹3,35,099"
87,Hatchback,Chennai,Maruti,Wagon R 1.0,VXI,2017,Petrol,Manual,"18,932 km","₹4,22,599"
88,Hatchback,Chennai,Maruti,Wagon R 1.0,VXI,2016,Petrol,Manual,"10,515 km","₹4,21,499"
89,Hatchback,Chennai,Maruti,Alto 800,LXI,2017,Petrol,Manual,"68,041 km","₹3,16,999"
90,Hatchback,Chennai,Maruti,Wagon R 1.0,VXI AMT,2018,Petrol,Automatic,"16,493 km","₹4,63,799"
91,Hatchback,Chennai,Maruti,Alto,VXI PLUS,2021,Petrol,Manual,"2,539 km","₹4,13,799"
92,Hatchback,Chennai,Maruti,Alto K10,VXI,2016,Petrol,Manual,"20,195 km","₹3,40,699"
93,Hatchback,Chennai,Maruti,Wagon R 1.0,VXI PLUS AMT,2018,Petrol,Automatic,"80,107 km","₹5,83,999"
94,Hatchback,Chennai,Maruti,Alto K10,VXI,2016,Petrol,Manual,"8,944 km","₹3,34,399"
95,Hatchback,Chennai,Maruti,Alto 800,LXI,2019,Petrol,Manual,"15,953 km","₹3,45,799"
96,Hatchback,Chennai,Maruti,Alto 800,LXI OPT,2018,Petrol,Manual,"23,268 km","₹3,25,499"
97,Hatchback,Chennai,Maruti,Alto K10,VXI AMT,2019,Petrol,Manual,"21,531 km","₹4,27,299"
98,Hatchback,Chennai,Maruti,Alto K10,VXI (O) AMT,2018,Petrol,Manual,"7,710 km","₹3,57,299"
99,Hatchback,Chennai,Maruti,Alto 800,LXI,2017,Petrol,Manual,"5,362 km","₹3,30,599"
100,Hatchback,Chennai,Maruti,Alto 800,LXI,2018,Petrol,Manual,"18,081 km","₹3,38,399"
101,Hatchback,Chennai,Hyundai,Elite i20,ASTA 1.2 (O),2016,Petrol,Manual,"28,554 km","₹6,54,799"
102,Hatchback,Chennai,Hyundai,Elite i20,ASTA 1.2,2016,Petrol,Manual,"54,529 km","₹6,16,899"
103,Hatchback,Chennai,Volkswagen,Polo,COMFORTLINE 1.0 PETROL,2018,Petrol,Manual,"69,131 km","₹5,64,199"
104,Hatchback,Chennai,Hyundai,Grand i10,Magna 1.2 AT VTVT,2016,Petrol,Automatic,"62,332 km","₹4,52,899"
105,Hatchback,Chennai,Maruti,IGNIS,DELTA 1.2 K12,2019,Petrol,Manual,"10,937 km","₹5,50,299"
106,Hatchback,Chennai,Toyota,Etios Liva,G,2011,Petrol,Manual,"87,759 km","₹3,24,799"
107,Hatchback,Chennai,Maruti,Wagon R 1.0,VXI,2017,Petrol,Manual,"40,614 km","₹3,65,299"
108,Hatchback,Chennai,Maruti,Swift,ZXI,2016,Petrol,Manual,"69,021 km","₹4,96,499"
109,Hatchback,Chennai,Renault,Kwid,RXT,2017,Petrol,Manual,"19,095 km","₹3,40,799"
110,Hatchback,Chennai,Maruti,Baleno,ZETA 1.2 K12 CVT,2016,Petrol,Automatic,"53,571 km","₹6,02,199"
111,Hatchback,Chennai,Maruti,Wagon R 1.0,VXI,2013,Petrol,Manual,"69,153 km","₹3,41,299"
112,Hatchback,Chennai,Maruti,Celerio X,ZXI OPT AMT,2019,Petrol,Automatic,"13,497 km","₹5,10,799"
113,Hatchback,Chennai,Volkswagen,Polo,COMFORTLINE 1.2L PETROL,2017,Petrol,Manual,"20,727 km","₹5,40,399"
114,Hatchback,Chennai,Hyundai,i20,ASTA 1.2,2011,Petrol,Manual,"1,00,279 km","₹3,12,999"
115,Hatchback,Chennai,Maruti,Swift,VXI,2017,Petrol,Manual,"15,308 km","₹5,26,899"
116,Hatchback,Chennai,Maruti,Swift,VXI,2016,Petrol,Manual,"31,763 km","₹5,33,099"
117,Hatchback,Chennai,Renault,Kwid,RXT Opt,2016,Petrol,Manual,"37,704 km","₹2,96,199"
118,Hatchback,Chennai,Hyundai,Elite i20,ASTA 1.2,2015,Petrol,Manual,"79,674 km","₹5,28,599"
119,Hatchback,Chennai,Volkswagen,Polo,HIGHLINE1.2L PETROL,2016,Petrol,Manual,"22,590 km","₹5,69,499"
120,Hatchback,Chennai,Hyundai,Elite i20,SPORTZ 1.2,2014,Petrol,Manual,"76,518 km","₹5,08,199"
121,Hatchback,Chennai,Renault,Kwid,RXT,2016,Petrol,Manual,"22,396 km","₹3,46,999"
122,Hatchback,Chennai,Maruti,S PRESSO,VXI PLUS AGS,2020,Petrol,Automatic,"3,171 km","₹4,81,599"
123,Hatchback,Chennai,Maruti,Wagon R Stingray,VXI,2013,Petrol,Manual,"62,374 km","₹3,21,099"
124,Hatchback,Chennai,Maruti,Baleno,DELTA 1.2 K12,2019,Petrol,Manual,"20,688 km","₹6,83,999"
125,Hatchback,Chennai,Maruti,Baleno,DELTA 1.2 K12,2019,Petrol,Manual,"33,729 km","₹6,50,099"
126,Hatchback,Chennai,Maruti,Baleno,ALPHA 1.2 K12,2016,Petrol,Manual,"17,625 km","₹6,46,199"
127,Hatchback,Chennai,Maruti,Swift,VXI,2019,Petrol,Manual,"10,261 km","₹5,89,999"
128,Hatchback,Chennai,Hyundai,Elite i20,ASTA 1.2 (O),2016,Petrol,Manual,"81,803 km","₹5,81,299"
129,Hatchback,Chennai,Hyundai,Grand i10,SPORTZ 1.2 KAPPA VTVT,2016,Petrol,Manual,"67,373 km","₹4,49,499"
130,Hatchback,Chennai,Maruti,Celerio,VXI AMT,2015,Petrol,Automatic,"34,382 km","₹4,00,899"
131,Hatchback,Chennai,Maruti,Swift,VXI OPT,2017,Petrol,Manual,"19,826 km","₹5,74,599"
132,Hatchback,Chennai,Maruti,Celerio,VXI (O),2017,Petrol,Manual,"42,636 km","₹4,07,799"
133,Hatchback,Chennai,Maruti,Swift,VDI AMT,2018,Diesel,Automatic,"66,411 km","₹6,22,999"
134,Hatchback,Chennai,Maruti,Celerio,ZXI OPT AMT,2017,Petrol,Automatic,"48,661 km","₹4,58,499"
135,Hatchback,Chennai,Maruti,Swift,VXI,2015,Petrol,Manual,"1,20,023 km","₹4,12,799"
136,Hatchback,Chennai,Hyundai,Eon,ERA PLUS,2018,Petrol,Manual,"25,316 km","₹3,52,499"
137,Hatchback,Chennai,Hyundai,Grand i10,Magna 1.2 AT VTVT,2018,Petrol,Automatic,"14,079 km","₹5,76,799"
138,Hatchback,Chennai,Maruti,Wagon R 1.0,VXI,2013,Petrol,Manual,"50,366 km","₹3,47,299"
139,Hatchback,Chennai,Maruti,Alto,LXI,2011,Petrol,Manual,"17,647 km","₹2,48,199"
140,Hatchback,Chennai,Maruti,Alto K10,VXI,2013,Petrol,Manual,"7,120 km","₹2,71,699"
141,Hatchback,Chennai,Hyundai,i20 Active,1.4 SX,2017,Diesel,Manual,"83,005 km","₹6,56,199"
142,Hatchback,Chennai,Tata,Tiago,XT 1.2 REVOTRON,2018,Petrol,Manual,"18,485 km","₹4,68,599"
143,Sedan,Chennai,Volkswagen,Ameo,COMFORTLINE 1.2,2017,Petrol,Manual,"26,521 km","₹5,14,799"
144,Sedan,Chennai,Volkswagen,Vento,HIGHLINE TDI AT,2015,Diesel,Automatic,"68,215 km","₹6,43,699"
145,Sedan,Chennai,Maruti,Dzire,VDI AMT,2017,Diesel,Automatic,"51,593 km","₹7,01,899"
146,Sedan,Chennai,Maruti,Swift Dzire,VDI BS IV,2014,Diesel,Manual,"80,315 km","₹4,71,899"
147,Sedan,Chennai,Volkswagen,Ameo,HIGHLINE PLUS 1.2,2017,Petrol,Manual,"27,095 km","₹5,95,799"
148,Sedan,Chennai,Hyundai,Verna,1.6 SX VTVT,2018,Petrol,Manual,"21,378 km","₹8,72,599"
149,Sedan,Chennai,Honda,Amaze,1.2 SMT I VTEC,2015,Petrol,Manual,"60,022 km","₹5,31,299"
150,Sedan,Chennai,Volkswagen,Ameo,COMFORTLINE 1.2,2017,Petrol,Manual,"16,280 km","₹5,13,299"
151,Sedan,Chennai,Hyundai,Verna,1.6 SX VTVT,2018,Petrol,Manual,"26,402 km","₹8,60,799"
152,Sedan,Chennai,Hyundai,Verna,1.6 SX VTVT AT (O),2018,Petrol,Automatic,"25,533 km","₹10,24,099"
153,Sedan,Chennai,Honda,City,V MT PETROL,2017,Petrol,Manual,"34,124 km","₹7,74,399"
154,Sedan,Chennai,Maruti,Dzire,VDI AMT,2017,Diesel,Automatic,"93,563 km","₹6,62,799"
155,Sedan,Chennai,Ford,Figo Aspire,1.2 TITANIUM PETROL,2018,Petrol,Manual,"11,818 km","₹6,10,999"
156,Sedan,Chennai,Maruti,Swift Dzire,VDI BS IV,2013,Diesel,Manual,"1,19,880 km","₹4,40,199"
157,Sedan,Chennai,Maruti,Swift Dzire,VDI ABS,2015,Diesel,Manual,"38,769 km","₹5,48,599"
158,Sedan,Chennai,Volkswagen,Ameo,HIGHLINE PLUS 1.0,2018,Petrol,Manual,"18,112 km","₹5,53,399"
159,Sedan,Chennai,Honda,Amaze,1.2 SMT I VTEC,2015,Petrol,Manual,"96,366 km","₹4,34,599"
160,Sedan,Chennai,Maruti,Swift Dzire,VDI BS IV,2013,Diesel,Manual,"1,62,340 km","₹3,99,699"
161,Sedan,Chennai,Honda,City,SV MT DIESEL,2014,Diesel,Manual,"97,746 km","₹5,13,099"
162,Sedan,Chennai,Ford,Figo Aspire,1.2 TITANIUM PETROL,2018,Petrol,Manual,"20,192 km","₹5,69,399"
163,Sedan,Chennai,Hyundai,Xcent,S 1.1 CRDI,2014,Diesel,Manual,"82,157 km","₹3,96,999"
164,Sedan,Chennai,Hyundai,Verna,1.6 SX VTVT,2019,Petrol,Manual,"22,504 km","₹8,93,699"
165,Sedan,Chennai,Honda,City,SV MT PETROL,2020,Petrol,Manual,"5,581 km","₹9,87,399"
166,Sedan,Chennai,Honda,City,V MT PETROL,2012,Petrol,Manual,"79,174 km","₹4,59,299"
167,Sedan,Chennai,Maruti,Swift Dzire,VDI BS IV,2016,Diesel,Manual,"46,562 km","₹5,74,399"
168,Sedan,Chennai,Maruti,Swift Dzire,VXI 1.2 BS IV,2012,Petrol,Manual,"68,279 km","₹3,82,999"
169,SUV,Chennai,Toyota,Innova,2.5 VX 7 STR BS IV,2013,Diesel,Manual,"69,966 km","₹9,75,099"
170,SUV,Chennai,Hyundai,Creta,1.4 E PLUS CRDI,2018,Diesel,Manual,"27,462 km","₹9,32,699"
171,SUV,Chennai,Ford,Ecosport,1.5TITANIUM TDCI,2015,Diesel,Manual,"67,001 km","₹5,56,699"
172,SUV,Chennai,Renault,TRIBER,1.0 RXZ,2019,Petrol,Manual,"6,632 km","₹6,40,099"
173,SUV,Chennai,Renault,Duster,85 PS RXE,2013,Diesel,Manual,"1,73,978 km","₹4,37,199"
174,SUV,Chennai,Hyundai,Creta,1.4 E PLUS CRDI,2019,Diesel,Manual,"94,409 km","₹9,36,299"
175,SUV,Chennai,Hyundai,Creta,1.6 SX CRDI,2017,Diesel,,"1,12,774 km","₹8,45,299"
176,SUV,Chennai,Ford,Ecosport,1.5 TDCI TITANIUM PLUS,2017,Diesel,Manual,"89,945 km","₹7,08,999"
177,SUV,Chennai,Ford,Ecosport,1.5TITANIUM TDCI,2014,Diesel,Manual,"1,05,857 km","₹5,31,899"
178,SUV,Chennai,Ford,Ecosport,TREND + 1.5 TI VCT AT,2019,Petrol,Manual,"14,100 km","₹8,37,499"
179,SUV,Chennai,Ford,Ecosport,1.5 TITANIUM TI VCT,2018,Petrol,Manual,"22,339 km","₹8,93,599"
180,SUV,Chennai,Maruti,Vitara Brezza,ZDI PLUS,2018,Diesel,Manual,"41,558 km","₹9,29,399"
181,SUV,Chennai,Maruti,Vitara Brezza,ZDI PLUS,2018,Diesel,Manual,"48,488 km","₹8,95,999"
182,SUV,Chennai,Ford,Ecosport,1.5 TITANIUM TI VCT,2018,Petrol,Manual,"48,857 km","₹8,29,099"
183,SUV,Chennai,Ford,Ecosport,1.5TITANIUM TDCI,2018,Diesel,Manual,"49,302 km","₹7,65,999"
184,SUV,Chennai,Ford,Ecosport,1.5 TITANIUM SIGNATURE TI VCT (SUNROOF),2019,Petrol,,"17,369 km","₹9,83,299"
185,SUV,Chennai,Ford,Ecosport,1.5 TITANIUM TI VCT,2018,Petrol,Manual,"67,833 km","₹8,87,699"
186,SUV,Chennai,Maruti,Eeco,5 STR WITH AC PLUSHTR,2019,Petrol,Manual,"15,495 km","₹4,33,399"
187,SUV,Chennai,Maruti,Eeco,5 STR WITH AC PLUSHTR,2019,Petrol,Manual,"3,059 km","₹4,80,999"
188,SUV,Chennai,Maruti,Eeco,5 STR WITH AC PLUSHTR,2019,Petrol,Manual,"15,195 km","₹4,35,499"
189,SUV,Chennai,Tata,NEXON,XZ 1.2,2018,Petrol,Manual,"25,898 km","₹7,49,099"
190,SUV,Chennai,Maruti,Eeco,5 STR WITH AC PLUSHTR,2018,Petrol,Manual,"31,231 km","₹3,78,599"
191,SUV,Chennai,Renault,TRIBER,1.0 RXZ,2019,Petrol,Manual,"1,532 km","₹6,74,699"
192,SUV,Chennai,Honda,WR-V,1.5 i-DTEC VX MT,2019,Diesel,Manual,"26,471 km","₹9,16,999"
193,SUV,Chennai,Maruti,Ertiga,VDI ABS,2015,Diesel,Manual,"52,502 km","₹6,54,999"
194,SUV,Chennai,Hyundai,VENUE,S MT 1.2 KAPPA,2020,Petrol,Manual,"17,570 km","₹7,64,699"
195,SUV,Chennai,Toyota,Innova Crysta,2.4 ZX 7 STR,2016,Diesel,Manual,"2,77,105 km","₹14,59,899"
196,SUV,Chennai,Hyundai,VENUE,S MT 1.2 KAPPA,2020,Petrol,Manual,"20,405 km","₹7,92,799"
197,SUV,Chennai,Hyundai,Creta,1.6 VTVT SX AUTO,2019,Petrol,Automatic,"17,855 km","₹11,67,299"
198,SUV,Chennai,Mahindra,Bolero,Power+ ZLX,2018,Diesel,Manual,"60,531 km","₹7,22,599"
199,SUV,Chennai,Tata,Harrier,XZ 2.0L Kryotec,2019,Diesel,Manual,"17,810 km","₹15,56,299"
200,SUV,Chennai,Toyota,Innova Crysta,2.7 ZX AT 7 STR,2017,Petrol,Automatic,"42,610 km","₹17,30,999"
201,SUV,Chennai,Hyundai,VENUE,1.0L Turbo GDI SX(O) MT,2019,Petrol,Manual,"8,848 km","₹10,33,099"
202,SUV,Chennai,Ford,Ecosport,1.5 TITANIUM TI VCT AT,2015,Petrol,Automatic,"1,24,374 km","₹5,29,099"
203,SUV,Chennai,Maruti,Eeco,5 STR WITH AC PLUSHTR,2020,Petrol,Manual,"7,284 km","₹4,17,299"
204,SUV,Chennai,Maruti,Eeco,5 STR WITH AC PLUSHTR,2017,Petrol,Manual,"10,537 km","₹4,16,599"
205,SUV,Chennai,Maruti,Eeco,5 STR WITH AC PLUSHTR,2017,Petrol,Manual,"26,035 km","₹4,19,999"
206,SUV,Chennai,Maruti,Eeco,5 STR WITH AC PLUSHTR,2019,Petrol,Manual,"12,455 km","₹4,47,499"
207,Luxury Sedan,Chennai,Toyota,Corolla Altis,G,2017,Petrol,Manual,"26,159 km","₹11,17,699"
208,Luxury SUV,Chennai,Jeep,Compass,2.0 LIMITED,2018,Diesel,Manual,"51,811 km","₹14,69,899"
209,Luxury SUV,Chennai,Honda,CRV,2.4 AWD AT,2015,Petrol,Manual,"80,621 km","₹11,51,099"
210,Hatchback,Kolkata,Datsun,Redi Go,T,2016,Petrol,Manual,"7,476 km","₹2,22,299"
211,Hatchback,Kolkata,Maruti,Alto 800,LXI,2013,Petrol,Manual,"9,682 km","₹2,33,999"
212,Hatchback,Kolkata,Maruti,Alto 800,LXI,2014,Petrol,Manual,"29,950 km","₹2,29,399"
213,Hatchback,Kolkata,Maruti,Alto 800,LXI,2018,Petrol,Manual,727 km,"₹2,72,799"
214,Hatchback,Kolkata,Maruti,Alto 800,LXI,2018,Petrol,Manual,"34,696 km","₹2,96,399"
215,Hatchback,Kolkata,Hyundai,Elite i20,ASTA 1.2,2015,Petrol,Manual,"26,400 km","₹5,16,399"
216,Hatchback,Kolkata,Maruti,Alto 800,LXI,2018,Petrol,Manual,"11,462 km","₹3,02,499"
217,Hatchback,Kolkata,Hyundai,Elite i20,MAGNA 1.2,2015,Petrol,Manual,"61,799 km","₹4,48,999"
218,Hatchback,Kolkata,Maruti,Swift,VXI OPT,2017,Petrol,Manual,"31,188 km","₹5,37,399"
219,Hatchback,Kolkata,Hyundai,i20,MAGNA O 1.2,2014,Petrol,Manual,"30,738 km","₹3,35,899"
220,Hatchback,Kolkata,Maruti,Wagon R 1.0,VXI PLUS,2017,Petrol,Manual,"46,478 km","₹3,29,499"
221,Hatchback,Kolkata,Renault,Kwid,RXL,2019,Petrol,Manual,"11,126 km","₹3,31,299"
222,Hatchback,Kolkata,Maruti,Swift,ZXI,2011,Petrol,Manual,"61,885 km","₹4,37,999"
223,Hatchback,Kolkata,Maruti,Swift,VXI AMT,2019,Petrol,Automatic,"34,018 km","₹5,97,899"
224,Hatchback,Kolkata,Hyundai,i20,SPORTZ 1.2 VTVT,2014,Petrol,Manual,"44,296 km","₹3,62,499"
225,Hatchback,Kolkata,Hyundai,Eon,MAGNA PLUS,2017,Petrol,Manual,"41,503 km","₹2,73,399"
226,Hatchback,Kolkata,Honda,Jazz,1.2 S MT,2017,Petrol,Manual,"59,521 km","₹4,51,899"
227,Hatchback,Kolkata,Hyundai,Grand i10,Sportz(O) 1.2 MT,2017,Petrol,Manual,"41,182 km","₹4,10,299"
228,Hatchback,Kolkata,Maruti,Alto 800,LXI,2012,Petrol,Manual,"10,878 km","₹2,33,999"
229,Hatchback,Kolkata,Renault,Kwid,CLIMBER 1.0,2018,Petrol,Manual,"21,230 km","₹3,86,599"
230,Hatchback,Kolkata,Maruti,Baleno,DELTA 1.2 K12,2018,Petrol,Manual,"25,613 km","₹5,39,399"
231,Hatchback,Kolkata,Maruti,Wagon R 1.0,VXI PLUS,2017,Petrol,Manual,"81,442 km","₹3,52,799"
232,Hatchback,Kolkata,Maruti,Swift,VXI,2014,Petrol,Manual,"31,436 km","₹4,15,299"
233,Hatchback,Kolkata,Maruti,Celerio X,Vxi,2018,Petrol,Manual,"15,253 km","₹4,47,299"
234,Hatchback,Kolkata,Maruti,Swift,VXI,2018,Petrol,Manual,"36,820 km","₹5,76,499"
235,Hatchback,Kolkata,Maruti,Swift,VXI,2018,Petrol,Manual,"74,294 km","₹5,17,899"
236,Hatchback,Kolkata,Hyundai,Grand i10,SPORTZ 1.2 KAPPA VTVT,2019,Petrol,Manual,"19,168 km","₹5,40,199"
237,Hatchback,Kolkata,Hyundai,i10,SPORTZ 1.1 IRDE2,2014,Petrol,Manual,"48,753 km","₹3,41,299"
238,Hatchback,Kolkata,Hyundai,Grand i10,MAGNA 1.2 KAPPA VTVT,2018,Petrol,Manual,"60,097 km","₹4,08,099"
239,Hatchback,Kolkata,Maruti,Wagon R 1.0,VXI,2017,Petrol,Manual,"27,238 km","₹3,89,899"
240,Hatchback,Kolkata,Maruti,Wagon R 1.0,VXI,2017,Petrol,Manual,"35,589 km","₹4,15,399"
241,Hatchback,Kolkata,Hyundai,Grand i10,MAGNA 1.2 KAPPA VTVT,2018,Petrol,Manual,"15,506 km","₹4,09,399"
242,Hatchback,Kolkata,Maruti,Wagon R 1.0,LXI,2014,Petrol,Manual,"34,591 km","₹2,86,399"
243,Hatchback,Kolkata,Maruti,Baleno,DELTA 1.2 K12,2018,Petrol,Manual,"4,171 km","₹6,28,799"
244,Hatchback,Kolkata,Maruti,Baleno,DELTA 1.2 K12,2019,Petrol,Manual,"17,973 km","₹5,78,299"
245,Hatchback,Kolkata,Maruti,Alto K10,VXI,2012,Petrol,Manual,"36,989 km","₹2,19,499"
246,Hatchback,Kolkata,Maruti,Baleno,DELTA 1.2 K12,2018,Petrol,Manual,"26,882 km","₹6,24,199"
247,Hatchback,Kolkata,Maruti,Wagon R 1.0,LXI,2014,Petrol,Manual,"63,459 km","₹2,95,499"
248,Hatchback,Kolkata,Maruti,Alto K10,VXI,2012,Petrol,Manual,"27,650 km","₹2,43,699"
249,Hatchback,Kolkata,Hyundai,Grand i10,MAGNA 1.2 VTVT,2017,Petrol,Manual,"20,561 km","₹4,44,499"
250,Hatchback,Kolkata,Hyundai,Grand i10,SPORTZ O 1.2,2018,Petrol,Manual,"9,847 km","₹4,92,199"
251,Hatchback,Kolkata,Hyundai,Eon,MAGNA PLUS,2013,Petrol,Manual,"49,693 km","₹3,02,199"
252,Hatchback,Kolkata,Maruti,Wagon R 1.0,VXI,2013,Petrol,Manual,"28,001 km","₹3,45,299"
253,Hatchback,Kolkata,Maruti,Alto 800,VXI,2017,Petrol,Manual,"16,909 km","₹2,82,299"
254,Hatchback,Kolkata,Hyundai,Grand i10,SPORTS 1.2 VTVT,2018,Petrol,Manual,"4,110 km","₹4,80,199"
255,Hatchback,Kolkata,Maruti,Wagon R 1.0,VXI,2015,Petrol,Manual,"26,359 km","₹3,29,599"
256,Hatchback,Kolkata,Maruti,Alto 800,LXI,2013,Petrol,Manual,"16,695 km","₹2,54,499"
257,Hatchback,Kolkata,Maruti,Wagon R 1.0,VXI,2018,Petrol,Manual,"22,625 km","₹4,05,999"
258,Hatchback,Kolkata,Maruti,Alto 800,LXI,2016,Petrol,Manual,"13,370 km","₹2,45,999"
259,Hatchback,Kolkata,Maruti,Alto 800,VXI,2014,Petrol,Manual,"20,801 km","₹2,33,099"
260,Hatchback,Kolkata,Maruti,Alto 800,VXI,2014,Petrol,Manual,"34,369 km","₹2,32,899"
261,Hatchback,Kolkata,Maruti,Alto 800,LXI,2014,Petrol,Manual,"24,316 km","₹2,32,799"
262,Hatchback,Kolkata,Maruti,Alto 800,LXI,2014,Petrol,Manual,"3,733 km","₹2,43,999"
263,Hatchback,Kolkata,Maruti,Wagon R 1.0,VXI,2018,Petrol,Manual,"8,851 km","₹4,14,499"
264,Hatchback,Kolkata,Maruti,S PRESSO,VXI PLUS,2020,Petrol,Manual,"5,794 km","₹4,31,499"
265,Hatchback,Kolkata,Maruti,Alto K10,VXI (O) AMT,2018,Petrol,Manual,"2,664 km","₹3,61,599"
266,Hatchback,Kolkata,Maruti,Alto 800,VXI,2015,Petrol,Manual,"40,883 km","₹2,59,499"
267,Hatchback,Kolkata,Maruti,Alto 800,VXI,2015,Petrol,Manual,"25,652 km","₹2,71,899"
268,Hatchback,Kolkata,Maruti,Alto,VXI,2020,Petrol,Manual,"3,266 km","₹3,70,699"
269,Hatchback,Kolkata,Maruti,Alto 800,LXI,2019,Petrol,Manual,"7,646 km","₹3,34,199"
270,Hatchback,Kolkata,Maruti,Alto,VXI,2020,Petrol,Manual,"1,584 km","₹3,65,899"
271,Hatchback,Kolkata,Maruti,Alto 800,LXI,2015,Petrol,Manual,"4,341 km","₹2,88,399"
272,Hatchback,Kolkata,Maruti,Alto,VXI,2020,Petrol,Manual,"7,198 km","₹3,61,799"
273,Hatchback,Kolkata,Renault,Kwid,RXT,2017,Petrol,Manual,"54,650 km","₹3,22,999"
274,Hatchback,Kolkata,Hyundai,i10,MAGNA 1.1 IRDE2,2015,Petrol,Manual,"21,103 km","₹2,88,899"
275,Hatchback,Kolkata,Maruti,Alto,VXI,2019,Petrol,Manual,"5,197 km","₹3,63,699"
276,Hatchback,Kolkata,Datsun,Redi Go,T (O),2018,Petrol,Manual,"13,832 km","₹2,47,599"
277,Hatchback,Kolkata,Hyundai,Eon,MAGNA PLUS,2014,Petrol,Manual,"75,005 km","₹2,65,999"
278,Hatchback,Kolkata,Maruti,Swift,VXI,2013,Petrol,Manual,"43,912 km","₹3,35,399"
279,Hatchback,Kolkata,Renault,Kwid,1.0 RXT Opt,2018,Petrol,Manual,"19,497 km","₹3,21,999"
280,Hatchback,Kolkata,Maruti,Swift,VXI,2018,Petrol,Manual,"17,497 km","₹5,60,199"
281,Hatchback,Kolkata,Maruti,Swift,VXI,2018,Petrol,Manual,"44,698 km","₹5,55,399"
282,Hatchback,Kolkata,Maruti,Baleno,ALPHA DDIS 190,2015,Diesel,Manual,"62,087 km","₹4,72,199"
283,Hatchback,Kolkata,Maruti,Wagon R 1.0,VXI,2013,Petrol,Manual,"29,524 km","₹2,80,699"
284,Hatchback,Kolkata,Maruti,Alto K10,VXI,2016,Petrol,Manual,"49,194 km","₹2,67,199"
285,Hatchback,Kolkata,Hyundai,Grand i10,MAGNA 1.2 VTVT,2016,Petrol,Manual,"15,817 km","₹3,90,699"
286,Hatchback,Kolkata,Maruti,Wagon R 1.0,VXI,2014,Petrol,Manual,"14,038 km","₹3,07,399"
287,Hatchback,Kolkata,Hyundai,Grand i10,ASTA 1.2 (O) VTVT,2015,Petrol,Manual,"64,120 km","₹3,73,999"
288,Hatchback,Kolkata,Hyundai,Grand i10,SPORTS 1.2 VTVT,2014,Petrol,Manual,"41,654 km","₹3,62,999"
289,Hatchback,Kolkata,Maruti,Alto K10,VXI,2015,Petrol,Manual,"13,334 km","₹2,70,599"
290,Hatchback,Kolkata,Maruti,Alto 800,LXI,2013,Petrol,Manual,"3,904 km","₹2,55,099"
291,Hatchback,Kolkata,Maruti,Alto,VXI,2019,Petrol,Manual,"2,000 km","₹3,38,499"
292,Hatchback,Kolkata,Maruti,Alto 800,LXI,2014,Petrol,Manual,"27,011 km","₹2,33,399"
293,Hatchback,Kolkata,Maruti,Alto 800,LXI,2018,Petrol,Manual,"14,797 km","₹2,90,699"
294,Hatchback,Kolkata,Maruti,Alto K10,VXI (O) AMT,2018,Petrol,Manual,"11,081 km","₹3,50,999"
295,Hatchback,Kolkata,Maruti,Wagon R Stingray,VXI,2014,Petrol,Manual,"26,138 km","₹3,08,199"
296,Hatchback,Kolkata,Hyundai,Santro Xing,GLS,2012,Petrol,Manual,"46,591 km","₹1,88,299"
297,Hatchback,Kolkata,Hyundai,Elite i20,MAGNA 1.2,2015,Petrol,Manual,"29,465 km","₹4,42,899"
298,Hatchback,Kolkata,Hyundai,Grand i10,SPORTZ 1.2 KAPPA VTVT,2018,Petrol,Manual,"10,587 km","₹4,72,599"
299,Hatchback,Kolkata,Hyundai,Eon,ERA PLUS,2018,Petrol,Manual,"1,214 km","₹3,22,099"
300,Hatchback,Kolkata,Maruti,Alto,VXI,2021,Petrol,Manual,"2,142 km","₹3,43,199"
301,Hatchback,Kolkata,Maruti,Alto 800,LXI,2014,Petrol,Manual,"14,195 km","₹2,44,299"
302,Hatchback,Kolkata,Maruti,Alto 800,LXI,2015,Petrol,Manual,"24,425 km","₹2,27,599"
303,Sedan,Kolkata,Maruti,Swift Dzire,VXI 1.2 BS IV,2014,Petrol,Manual,"49,860 km","₹4,33,999"
304,Sedan,Kolkata,Honda,City,S MT PETROL,2017,Petrol,Manual,"36,078 km","₹6,93,399"
305,Sedan,Kolkata,Honda,City,SV MT PETROL,2014,Petrol,Manual,"74,201 km","₹4,14,699"
306,Sedan,Kolkata,Honda,City,S MT PETROL,2012,Petrol,Manual,"29,911 km","₹3,91,799"
307,Sedan,Kolkata,Honda,City,SV MT PETROL,2015,Petrol,Manual,"57,240 km","₹4,97,499"
308,Sedan,Kolkata,Honda,City,1.5 V MT,2019,Petrol,Manual,"22,650 km","₹8,07,199"
309,Sedan,Kolkata,Honda,City,SV MT PETROL,2015,Petrol,Manual,"71,118 km","₹5,05,899"
310,Sedan,Kolkata,Honda,City,VX MT PETROL,2018,Petrol,Manual,"15,201 km","₹8,47,099"
311,Sedan,Kolkata,Hyundai,Verna,FLUIDIC 1.6 SX VTVT,2016,Petrol,Manual,"31,737 km","₹6,56,999"
312,Sedan,Kolkata,Honda,City,V MT PETROL,2014,Petrol,Manual,"51,754 km","₹5,97,599"
313,Sedan,Kolkata,Honda,Amaze,1.2 VXMT I VTEC,2013,Petrol,Manual,"35,901 km","₹3,94,499"
314,Sedan,Kolkata,Honda,City,VX MT PETROL,2018,Petrol,Manual,"14,473 km","₹8,48,099"
315,Sedan,Kolkata,Honda,City,ZX CVT,2018,Petrol,Automatic,"22,071 km","₹9,40,799"
316,Sedan,Kolkata,Maruti,Dzire,VXI,2019,Petrol,Manual,"5,788 km","₹6,04,099"
317,Sedan,Kolkata,Hyundai,Xcent,S 1.2,2014,Petrol,Manual,"29,620 km","₹4,07,099"
318,Sedan,Kolkata,Maruti,Swift Dzire,VXI 1.2 BS IV,2013,Petrol,Manual,"63,820 km","₹4,95,099"
319,Sedan,Kolkata,Maruti,Swift Dzire,VXI 1.2 BS IV,2013,Petrol,Manual,"60,640 km","₹4,07,099"
320,Sedan,Kolkata,Maruti,Swift Dzire,VXI 1.2 BS IV,2014,Petrol,Manual,"75,102 km","₹4,05,399"
321,Sedan,Kolkata,Honda,Amaze,1.2 VXMT I VTEC,2014,Petrol,Manual,"48,400 km","₹3,77,899"
322,Sedan,Kolkata,Maruti,Swift Dzire,VXI 1.2 BS IV,2015,Petrol,Manual,"1,26,168 km","₹4,25,899"
323,Sedan,Kolkata,Hyundai,Verna,1.6 SX VTVT,2018,Petrol,Manual,"34,323 km","₹7,28,699"
324,Sedan,Kolkata,Honda,City,V MT PETROL,2011,Petrol,Manual,"99,510 km","₹3,13,299"
325,Sedan,Kolkata,Maruti,Swift Dzire,VXI 1.2 BS IV,2014,Petrol,Manual,"31,351 km","₹4,04,699"
326,Sedan,Kolkata,Maruti,Dzire,VXI,2019,Petrol,Manual,"1,674 km","₹6,18,399"
327,Sedan,Kolkata,Ford,Figo Aspire,1.2 TITANIUM PETROL,2017,Petrol,Manual,"41,753 km","₹3,86,099"
328,Sedan,Kolkata,Hyundai,Verna,FLUIDIC 1.6 SX VTVT,2013,Petrol,Manual,"67,788 km","₹4,15,599"
329,Sedan,Kolkata,Maruti,Ciaz,ZETA 1.4 VVT,2018,Petrol,Manual,"37,826 km","₹6,59,099"
330,Sedan,Kolkata,Maruti,Swift Dzire,VXI 1.2 BS IV,2015,Petrol,Manual,"48,858 km","₹4,53,299"
331,Sedan,Kolkata,Maruti,Swift Dzire,VXI OPT,2016,Petrol,Manual,"38,536 km","₹4,05,099"
332,SUV,Kolkata,Mahindra,Scorpio,S5,2020,Diesel,Manual,"59,972 km","₹11,43,799"
333,SUV,Kolkata,Mahindra,TUV300,T8,2016,Diesel,Manual,"52,342 km","₹6,50,899"
334,SUV,Kolkata,Hyundai,Creta,1.6 SX PLUS PETROL,2016,Petrol,Manual,"45,731 km","₹7,41,499"
335,SUV,Kolkata,Renault,Captur,RXE PETROL MT,2018,Petrol,Manual,"6,208 km","₹5,96,699"
336,SUV,Kolkata,Ford,Ecosport,1.5 TREND TDCI,2013,Diesel,Manual,"65,316 km","₹5,63,899"
337,SUV,Kolkata,Maruti,Ertiga,VXI ABS,2017,Petrol,Manual,"17,813 km","₹6,68,599"
338,SUV,Kolkata,Maruti,Ertiga,VDI ABS,2012,Diesel,Manual,"71,002 km","₹5,47,699"
339,SUV,Kolkata,Hyundai,Creta,1.6 SX PLUS DIESEL,2017,Diesel,Manual,"29,658 km","₹8,68,599"
340,SUV,Kolkata,Ford,Ecosport,1.5TITANIUM TDCI,2017,Diesel,Manual,"68,720 km","₹6,17,999"
