,car_type,location,brand,model,version,year,fuel_type,transmission_type,distance_driven,price
0,Hatchback,Bengaluru,Hyundai,i20 Active,1.2 S,2015,Petrol,Manual,"59,460 km","₹6,00,799"
1,Hatchback,Bengaluru,Hyundai,Elite i20,1.2 SPORTS PLUS VTVT CVT,2019,Petrol,Automatic,890 km,"₹8,81,699"
2,Hatchback,Bengaluru,Tata,Tiago,XZ 1.2 REVOTRON,2016,Petrol,Manual,"19,248 km","₹4,27,799"
3,Hatchback,Bengaluru,Volkswagen,Polo,GT TSI 1.2 PETROL AT,2016,Petrol,Automatic,"17,717 km","₹6,94,399"
4,Hatchback,Bengaluru,Maruti,Celerio,VXI,2016,Petrol,Manual,"3,171 km","₹4,67,299"
5,Hatchback,Bengaluru,Maruti,Swift,VXI,2018,Petrol,Manual,"27,867 km","₹6,22,599"
6,Hatchback,Bengaluru,Maruti,Baleno,DELTA 1.2 K12,2016,Petrol,Manual,"50,083 km","₹6,88,599"
7,Hatchback,Bengaluru,Maruti,Baleno,DELTA 1.2 K12,2016,Petrol,Manual,"22,504 km","₹6,33,499"
8,Hatchback,Bengaluru,Volkswagen,Polo,GT TSI 1.2 PETROL AT,2013,Petrol,Automatic,"26,663 km","₹6,64,599"
9,Hatchback,Bengaluru,Maruti,Alto 800,LXI,2015,Petrol,Manual,"38,512 km","₹3,04,999"
10,Hatchback,Bengaluru,Maruti,Alto K10,VXI AMT,2016,Petrol,Manual,"22,469 km","₹3,88,599"
11,Hatchback,Bengaluru,Tata,Tiago,XZ+ 1.2 Revotron,2021,Petrol,Manual,"6,217 km","₹7,05,599"
12,Hatchback,Bengaluru,Hyundai,i20,MAGNA O 1.2,2013,Petrol,Manual,"41,105 km","₹4,82,599"
13,Hatchback,Bengaluru,Maruti,IGNIS,ZETA 1.3 DDIS,2017,Diesel,Manual,"48,110 km","₹5,58,699"
14,Hatchback,Bengaluru,Volkswagen,Polo,COMFORTLINE 1.2L PETROL,2016,Petrol,Manual,"35,519 km","₹6,26,399"
15,Hatchback,Bengaluru,Maruti,Alto K10,VXI,2014,Petrol,Manual,"66,206 km","₹3,27,899"
16,Hatchback,Bengaluru,Hyundai,Elite i20,ASTA 1.2 (O),2016,Petrol,Manual,"38,686 km","₹6,72,999"
17,Hatchback,Bengaluru,Volkswagen,Polo,HIGHLINE1.2L PETROL,2017,Petrol,Manual,"35,781 km","₹6,95,099"
18,Hatchback,Bengaluru,Honda,Jazz,1.2 V MT,2015,Petrol,Manual,"60,878 km","₹5,54,299"
19,Hatchback,Bengaluru,Hyundai,Grand i10,SPORTS 1.2 VTVT,2013,Petrol,Manual,"40,662 km","₹4,43,999"
20,Hatchback,Bengaluru,Maruti,IGNIS,DELTA 1.2 K12,2017,Petrol,Manual,"26,862 km","₹5,16,999"
21,Hatchback,Bengaluru,Hyundai,i20,SPORTZ 1.2 VTVT,2012,Petrol,Manual,"57,484 km","₹4,58,499"
22,Hatchback,Bengaluru,Volkswagen,Polo,COMFORTLINE 1.0 PETROL,2018,Petrol,Manual,"30,201 km","₹6,73,499"
23,Hatchback,Bengaluru,Hyundai,Eon,MAGNA PLUS,2014,Petrol,Manual,"50,609 km","₹3,14,299"
24,Hatchback,Bengaluru,Renault,Kwid,CLIMBER 1.0 AT,2017,Petrol,Manual,"24,920 km","₹4,24,999"
25,Hatchback,Bengaluru,Maruti,IGNIS,ALPHA 1.2 K12 DUAL TONE,2017,Petrol,Manual,"44,863 km","₹6,31,899"
26,Hatchback,Bengaluru,Maruti,Alto 800,LXI,2012,Petrol,Manual,"29,483 km","₹2,75,799"
27,Hatchback,Bengaluru,Hyundai,i10,MAGNA 1.2 AT,2009,Petrol,Automatic,"27,005 km","₹3,33,399"
28,Hatchback,Bengaluru,Honda,Brio,1.2 VX MT I VTEC,2015,Petrol,Manual,"52,105 km","₹5,07,899"
29,Hatchback,Bengaluru,Maruti,Swift,VXI,2015,Petrol,Manual,"44,313 km","₹5,73,799"
30,Hatchback,Bengaluru,Hyundai,Grand i10,ASTA 1.2 (O) VTVT,2016,Petrol,Manual,"16,805 km","₹5,28,999"
31,Hatchback,Bengaluru,Maruti,Swift,VXI,2015,Petrol,Manual,"62,156 km","₹5,10,799"
32,Hatchback,Bengaluru,Renault,Kwid,RXT Opt,2016,Petrol,Manual,"13,808 km","₹3,65,299"
33,Hatchback,Bengaluru,Hyundai,Grand i10,ASTA 1.2 (O) VTVT,2016,Petrol,Manual,"30,243 km","₹5,20,399"
34,Hatchback,Bengaluru,Maruti,IGNIS,ZETA 1.2 K12,2018,Petrol,Manual,"73,599 km","₹4,90,199"
35,Hatchback,Bengaluru,Renault,Kwid,RXT 1.0 EASY-R AT,2016,Petrol,,"35,941 km","₹4,17,599"
36,Hatchback,Bengaluru,Honda,Brio,1.2 S MT I VTEC,2015,Petrol,Manual,"4,392 km","₹4,92,599"
37,Hatchback,Bengaluru,Maruti,Swift,VXI,2014,Petrol,Manual,"28,791 km","₹5,97,299"
38,Hatchback,Bengaluru,Hyundai,Grand i10,MAGNA 1.2 KAPPA VTVT,2017,Petrol,Manual,"34,278 km","₹4,92,599"
39,Hatchback,Bengaluru,Hyundai,i20,SPORTZ 1.2 O,2010,Petrol,Manual,"53,548 km","₹3,63,099"
40,Hatchback,Bengaluru,Tata,Nano,XT TWIST,2017,Petrol,Manual,"15,377 km","₹2,04,299"
41,Hatchback,Bengaluru,Maruti,Swift,VXI,2012,Petrol,Manual,"56,941 km","₹5,89,999"
42,Hatchback,Bengaluru,Hyundai,Grand i10,MAGNA 1.2 KAPPA VTVT,2017,Petrol,Manual,"24,590 km","₹4,76,399"
43,Hatchback,Bengaluru,Hyundai,Grand i10,ASTA AT 1.2 KAPPA VTVT,2015,Petrol,Manual,"1,02,124 km","₹4,29,599"
44,Hatchback,Bengaluru,Maruti,Swift,VXI,2014,Petrol,Manual,"24,892 km","₹5,40,599"
45,Hatchback,Bengaluru,Renault,Kwid,RXL,2018,Petrol,Manual,"10,522 km","₹3,84,899"
46,Hatchback,Bengaluru,Maruti,Swift,VXI,2012,Petrol,Manual,"37,988 km","₹5,00,099"
47,Hatchback,Bengaluru,Hyundai,i20,MAGNA O 1.2,2013,Petrol,Manual,"45,254 km","₹4,80,499"
48,Hatchback,Bengaluru,Maruti,Swift,VXI,2012,Petrol,Manual,"37,366 km","₹5,41,399"
49,Hatchback,Bengaluru,Hyundai,i10,MAGNA 1.1 IRDE2,2015,Petrol,Manual,"20,652 km","₹4,01,299"
50,Hatchback,Bengaluru,Maruti,Swift,VXI,2012,Petrol,Manual,"38,980 km","₹5,10,999"
51,Hatchback,Bengaluru,Hyundai,Eon,SPORTZ,2014,Petrol,Manual,"36,141 km","₹3,24,199"
52,Hatchback,Bengaluru,Hyundai,i20,SPORTZ 1.2 VTVT,2012,Petrol,Manual,"43,551 km","₹4,83,099"
53,Hatchback,Bengaluru,Maruti,Swift,VXI,2012,Petrol,Manual,"75,456 km","₹4,65,799"
54,Hatchback,Bengaluru,Toyota,Etios Liva,V,2013,Petrol,Manual,"48,838 km","₹5,53,799"
55,Hatchback,Bengaluru,Maruti,Alto K10,VXI AMT,2015,Petrol,Manual,"93,795 km","₹3,21,599"
56,Hatchback,Bengaluru,Renault,Kwid,CLIMBER 1.0 AT,2017,Petrol,Manual,"24,025 km","₹5,13,999"
57,Hatchback,Bengaluru,Honda,Brio,1.2 S MT I VTEC,2012,Petrol,Manual,"47,893 km","₹4,46,599"
58,Hatchback,Bengaluru,Hyundai,Grand i10,ASTA 1.2 (O) VTVT,2015,Petrol,Manual,"77,705 km","₹5,65,499"
59,Hatchback,Bengaluru,Hyundai,Grand i10,SPORTS 1.2 VTVT,2016,Petrol,Manual,"5,214 km","₹5,05,599"
60,Hatchback,Bengaluru,Hyundai,i10,SPORTZ 1.1 IRDE2,2014,Petrol,Manual,"61,003 km","₹3,77,099"
61,Hatchback,Bengaluru,Hyundai,Grand i10,SPORTS 1.2 VTVT,2016,Petrol,Manual,"13,645 km","₹5,34,199"
62,Hatchback,Bengaluru,Hyundai,Grand i10,SPORTZ 1.2 KAPPA VTVT,2015,Petrol,Manual,"64,085 km","₹4,93,399"
63,Hatchback,Bengaluru,Hyundai,Grand i10,SPORTS 1.2 VTVT,2014,Petrol,Manual,"31,454 km","₹4,14,499"
64,Hatchback,Bengaluru,Hyundai,Grand i10,ASTA 1.2 (O) VTVT,2015,Petrol,Manual,"57,741 km","₹5,54,899"
65,Hatchback,Bengaluru,Hyundai,Grand i10,ASTA 1.2 (O) VTVT,2016,Petrol,Manual,"15,831 km","₹5,54,699"
66,Hatchback,Bengaluru,Maruti,Wagon R 1.0,VXI,2016,Petrol,Manual,"74,510 km","₹4,15,799"
67,Hatchback,Bengaluru,Renault,Kwid,CLIMBER 1.0 AT,2019,Petrol,,"12,449 km","₹4,36,999"
68,Hatchback,Bengaluru,Renault,Kwid,CLIMBER 1.0 AT,2017,Petrol,Manual,"27,188 km","₹4,22,899"
69,Hatchback,Bengaluru,Maruti,IGNIS,ALPHA 1.2 K12 AMT,2018,Petrol,Automatic,"10,344 km","₹7,13,599"
70,Hatchback,Bengaluru,Hyundai,Grand i10,ASTA AT 1.2 KAPPA VTVT,2015,Petrol,Manual,"35,879 km","₹4,48,299"
71,Hatchback,Bengaluru,Maruti,Celerio,ZXI,2017,Petrol,Manual,"36,893 km","₹4,54,899"
72,Hatchback,Bengaluru,Maruti,Celerio,ZXI OPT,2019,Petrol,Manual,"21,303 km","₹5,56,599"
73,Hatchback,Bengaluru,Maruti,Wagon R 1.0,VXI,2016,Petrol,Manual,"27,459 km","₹3,98,599"
74,Hatchback,Bengaluru,Hyundai,Grand i10,SPORTS 1.2 VTVT,2016,Petrol,Manual,120 km,"₹5,51,099"
75,Hatchback,Bengaluru,Hyundai,i10,SPORTZ 1.1 IRDE2,2016,Petrol,Manual,"14,315 km","₹4,38,699"
76,Hatchback,Bengaluru,Maruti,Celerio,VXI (O) AMT,2018,Petrol,Automatic,"19,995 km","₹5,22,099"
77,Hatchback,Bengaluru,Maruti,Wagon R 1.0,VXI,2014,Petrol,Manual,"46,679 km","₹3,58,299"
78,Hatchback,Bengaluru,Maruti,Celerio,VXI,2015,Petrol,Manual,"63,466 km","₹4,49,599"
79,Hatchback,Bengaluru,Hyundai,i10,SPORTZ 1.2 KAPPA2,2012,Petrol,Manual,"48,208 km","₹3,76,699"
80,Hatchback,Bengaluru,Maruti,Ritz,ZXI ABS,2015,Petrol,Manual,"54,899 km","₹4,91,099"
81,Hatchback,Bengaluru,Hyundai,i10,SPORTZ 1.2 KAPPA2,2011,Petrol,Manual,"81,717 km","₹3,90,799"
82,Hatchback,Bengaluru,Hyundai,i10,SPORTZ 1.1 IRDE2,2014,Petrol,Manual,"49,305 km","₹4,07,299"
83,Hatchback,Bengaluru,Maruti,Alto K10,VXI,2014,Petrol,Manual,"1,16,043 km","₹3,42,299"
84,Hatchback,Bengaluru,Maruti,Ritz,VXI BS IV,2011,Petrol,Manual,"62,517 km","₹3,70,499"
85,Hatchback,Bengaluru,Maruti,Alto K10,LXI,2012,Petrol,Manual,"11,095 km","₹2,73,999"
86,Hatchback,Bengaluru,Maruti,Wagon R 1.0,VXI,2015,Petrol,Manual,"36,544 km","₹4,55,299"
87,Hatchback,Bengaluru,Maruti,Ritz,VXI BS IV,2013,Petrol,Manual,"37,930 km","₹4,09,599"
88,Hatchback,Bengaluru,Maruti,Alto K10,VXI,2012,Petrol,Manual,"42,382 km","₹2,98,099"
89,Hatchback,Bengaluru,Maruti,Alto 800,LXI,2014,Petrol,Manual,"21,666 km","₹2,99,399"
90,Hatchback,Bengaluru,Maruti,Alto 800,LXI,2016,Petrol,Manual,"17,173 km","₹3,14,199"
91,Hatchback,Bengaluru,Maruti,Ritz,VDI,2012,Diesel,Manual,"51,781 km","₹4,17,499"
92,Hatchback,Bengaluru,Maruti,Wagon R 1.0,VXI,2014,Petrol,Manual,"45,572 km","₹4,39,699"
93,Hatchback,Bengaluru,Maruti,Wagon R 1.0,VXI,2015,Petrol,Manual,"15,893 km","₹4,21,499"
94,Hatchback,Bengaluru,Maruti,Ritz,ZXI,2011,Petrol,Manual,"33,079 km","₹4,67,599"
95,Hatchback,Bengaluru,Maruti,Ritz,ZXI ABS,2014,Petrol,Manual,"27,307 km","₹4,52,099"
96,Hatchback,Bengaluru,Maruti,Alto 800,VXI,2017,Petrol,Manual,"6,290 km","₹3,43,999"
97,Hatchback,Bengaluru,Maruti,Alto K10,VXI,2015,Petrol,Manual,"22,584 km","₹3,53,699"
98,Hatchback,Bengaluru,Maruti,Alto K10,VXI (O) AMT,2016,Petrol,Manual,"29,240 km","₹4,00,599"
99,Hatchback,Bengaluru,Hyundai,i20,MAGNA 1.2 VTVT,2009,Petrol,Manual,"42,118 km","₹3,25,399"
100,Hatchback,Bengaluru,Ford,Figo,1.4 EXI DURATORQ,2012,Diesel,Manual,"71,515 km","₹3,33,599"
101,Hatchback,Bengaluru,Maruti,Alto 800,VXI,2016,Petrol,Manual,"13,482 km","₹3,68,599"
102,Hatchback,Bengaluru,Honda,Jazz,1.2 V AT,2017,Petrol,Automatic,"27,368 km","₹7,14,599"
103,Hatchback,Bengaluru,Maruti,Swift,ZXI,2017,Petrol,Manual,"56,166 km","₹5,96,099"
104,Hatchback,Bengaluru,Hyundai,Grand i10,ASTA 1.2 AT VTVT,2014,Petrol,Automatic,"80,080 km","₹4,69,299"
105,Hatchback,Bengaluru,Maruti,Alto K10,VXI,2015,Petrol,Manual,"36,136 km","₹3,41,999"
106,Hatchback,Bengaluru,Maruti,Alto,LXI,2009,Petrol,Manual,"26,743 km","₹1,86,499"
107,Hatchback,Bengaluru,Ford,Figo,1.2 TITANIUM DURATEC,2012,Petrol,Manual,"26,224 km","₹3,94,799"
108,Hatchback,Bengaluru,Maruti,Ritz,VDI,2011,Diesel,Manual,"71,856 km","₹3,35,799"
109,Hatchback,Bengaluru,Maruti,Swift,VXI,2012,Petrol,Manual,"63,247 km","₹4,08,499"
110,Hatchback,Bengaluru,Maruti,Swift,VXI,2014,Petrol,Manual,"65,138 km","₹4,86,999"
111,Hatchback,Bengaluru,Volkswagen,Polo,HIGHLINE1.2L PETROL,2015,Petrol,Manual,"32,763 km","₹5,93,199"
112,Hatchback,Bengaluru,Maruti,Wagon R 1.0,VXI,2014,Petrol,Manual,"57,378 km","₹3,52,399"
113,Hatchback,Bengaluru,Maruti,Alto K10,VXI,2011,Petrol,Manual,"69,882 km","₹2,38,699"
114,Hatchback,Bengaluru,Datsun,Redi Go,T (O),2017,Petrol,Manual,"10,992 km","₹2,79,199"
115,Hatchback,Bengaluru,Maruti,Baleno,DELTA 1.2 K12,2016,Petrol,Manual,"33,724 km","₹6,15,799"
116,Hatchback,Bengaluru,Maruti,Baleno,ZETA 1.2 K12,2016,Petrol,Manual,"65,255 km","₹6,15,899"
117,Hatchback,Bengaluru,Ford,New Figo,1.2 TITANIUM,2017,Petrol,Manual,"16,215 km","₹5,07,199"
118,Hatchback,Bengaluru,Maruti,Celerio,ZXI OPT,2016,Petrol,Manual,"26,237 km","₹4,34,799"
119,Hatchback,Bengaluru,Maruti,Swift,VXI,2014,Petrol,Manual,"43,434 km","₹4,97,999"
120,Hatchback,Bengaluru,Hyundai,Elite i20,ASTA 1.4 CRDI,2015,Diesel,Manual,"92,769 km","₹6,42,199"
121,Hatchback,Bengaluru,Maruti,Swift,LXI OPT,2017,Petrol,Manual,"11,704 km","₹5,35,999"
122,Hatchback,Bengaluru,Maruti,Celerio,VXI AMT,2017,Petrol,Automatic,"35,492 km","₹4,56,499"
123,Hatchback,Bengaluru,Maruti,Swift,ZDI AMT,2018,Diesel,Automatic,"50,630 km","₹7,14,499"
124,Hatchback,Bengaluru,Hyundai,Elite i20,ASTA 1.2 (O),2015,Petrol,Manual,"57,614 km","₹6,09,899"
125,Hatchback,Bengaluru,Maruti,Celerio,ZXI OPT AMT,2017,Petrol,Automatic,"34,430 km","₹4,99,299"
126,Hatchback,Bengaluru,Volkswagen,Polo,GT TSI 1.2 PETROL AT,2018,Petrol,Automatic,"7,503 km","₹8,81,299"
127,Hatchback,Bengaluru,Hyundai,Elite i20,ASTA 1.4 CRDI DUAL TONE,2018,Diesel,Manual,"63,772 km","₹8,05,699"
128,Hatchback,Bengaluru,Maruti,Alto K10,VXI,2013,Petrol,Manual,"39,062 km","₹2,76,499"
129,Hatchback,Bengaluru,Maruti,IGNIS,ZETA 1.2 K12 AMT,2017,Petrol,Automatic,"35,928 km","₹6,56,499"
130,Hatchback,Bengaluru,Maruti,Baleno,ZETA 1.2 K12,2017,Petrol,Manual,"66,816 km","₹6,55,299"
131,Hatchback,Bengaluru,Maruti,Alto 800,LXI,2015,Petrol,Manual,"46,146 km","₹2,81,399"
132,Hatchback,Bengaluru,Hyundai,Elite i20,ASTA 1.2,2016,Petrol,Manual,"33,068 km","₹6,07,499"
133,Hatchback,Bengaluru,Hyundai,Eon,MAGNA + (O) 1.0 LITRE KAPPA,2014,Petrol,Manual,"38,596 km","₹2,71,699"
134,Hatchback,Bengaluru,Hyundai,Elite i20,SPORTZ 1.2,2016,Petrol,Manual,"53,103 km","₹6,84,899"
135,Hatchback,Bengaluru,Maruti,Baleno,ZETA 1.2 K12,2019,Petrol,Manual,"9,634 km","₹7,00,299"
136,Hatchback,Bengaluru,Hyundai,i20,SPORTZ 1.2 VTVT,2014,Petrol,Manual,"52,550 km","₹4,83,099"
137,Hatchback,Bengaluru,Maruti,S PRESSO,VXI PLUS,2019,Petrol,Manual,"10,462 km","₹4,62,399"
138,Hatchback,Bengaluru,Volkswagen,Polo,HIGHLINE1.5L DIESEL,2016,Diesel,Manual,"80,377 km","₹6,52,199"
139,Hatchback,Bengaluru,Maruti,Baleno,DELTA 1.2 K12,2019,Petrol,Manual,"7,010 km","₹6,98,199"
140,Hatchback,Bengaluru,Maruti,Alto K10,VXI (O) AMT,2018,Petrol,Manual,"5,280 km","₹4,13,599"
141,Hatchback,Bengaluru,Renault,Kwid,CLIMBER 1.0 AT,2018,Petrol,,"19,422 km","₹4,04,099"
142,Hatchback,Bengaluru,Renault,Kwid,RXL1.0 EASY-R AT,2018,Petrol,,"9,848 km","₹4,09,999"
143,Hatchback,Bengaluru,Hyundai,i20,MAGNA O 1.4 CRDI,2013,Diesel,Manual,"1,08,945 km","₹4,23,599"
144,Hatchback,Bengaluru,Honda,Jazz,1.2 V MT,2016,Petrol,Manual,"27,819 km","₹6,42,999"
145,Hatchback,Bengaluru,Renault,Kwid,RXT 1.0 EASY-R AT OPTION,2018,Petrol,Automatic,"11,083 km","₹4,12,099"
146,Hatchback,Bengaluru,Hyundai,Santro Xing,GL PLUS,2011,Petrol,Manual,"70,009 km","₹2,57,899"
147,Hatchback,Bengaluru,Hyundai,i10,SPORTZ 1.2 KAPPA2,2013,Petrol,Manual,"15,680 km","₹4,23,699"
148,Hatchback,Bengaluru,Maruti,Swift,VXI,2015,Petrol,Manual,"41,355 km","₹4,95,799"
149,Hatchback,Bengaluru,Maruti,Swift,VXI,2018,Petrol,Manual,"28,532 km","₹6,07,499"
150,Hatchback,Bengaluru,Hyundai,Grand i10,SPORTS 1.2 VTVT,2017,Petrol,Manual,"14,578 km","₹5,20,899"
151,Hatchback,Bengaluru,Hyundai,Grand i10,MAGNA 1.2 VTVT,2017,Petrol,Manual,"37,049 km","₹4,46,299"
152,Hatchback,Bengaluru,Tata,Tiago,XZ+ 1.2 Revotron,2020,Petrol,Manual,"7,771 km","₹6,01,599"
153,Hatchback,Bengaluru,Hyundai,i10,MAGNA 1.2 AT,2009,Petrol,Automatic,"58,491 km","₹2,52,399"
154,Hatchback,Bengaluru,Hyundai,Grand i10,SPORTZ 1.2 KAPPA VTVT,2016,Petrol,Manual,"37,823 km","₹4,80,299"
155,Hatchback,Bengaluru,Renault,Kwid,RXL1.0 EASY-R AT,2017,Petrol,Manual,"27,000 km","₹3,74,599"
156,Hatchback,Bengaluru,Maruti,Swift,VXI,2015,Petrol,Manual,"35,490 km","₹5,24,199"
157,Hatchback,Bengaluru,Maruti,Celerio,ZXI OPT AMT,2017,Petrol,Automatic,"45,379 km","₹4,57,199"
158,Hatchback,Bengaluru,Maruti,Wagon R 1.0,VXI,2012,Petrol,Manual,"56,101 km","₹3,25,299"
159,Hatchback,Bengaluru,Hyundai,Grand i10,SPORTS 1.2 VTVT,2015,Petrol,Manual,"40,792 km","₹4,58,799"
160,Hatchback,Bengaluru,Tata,Tiago,XZ 1.2 REVOTRON,2018,Petrol,Manual,"13,936 km","₹5,54,599"
161,Hatchback,Bengaluru,Maruti,Wagon R 1.0,VXI,2016,Petrol,Manual,"17,120 km","₹4,02,599"
162,Hatchback,Bengaluru,Maruti,Celerio,VXI,2016,Petrol,Manual,"35,109 km","₹4,40,199"
163,Hatchback,Bengaluru,Maruti,Alto,LXI,2012,Petrol,Manual,"39,853 km","₹2,55,699"
164,Hatchback,Bengaluru,Maruti,Alto K10,VXI,2014,Petrol,Manual,"32,726 km","₹3,23,599"
165,Hatchback,Bengaluru,Maruti,Alto K10,VXI (O) AMT,2018,Petrol,Manual,"5,315 km","₹4,01,099"
166,Hatchback,Bengaluru,Hyundai,Grand i10,MAGNA 1.2 VTVT,2014,Petrol,Manual,"38,708 km","₹3,82,299"
167,Hatchback,Bengaluru,Maruti,Celerio,ZXI AMT,2015,Petrol,Automatic,"26,809 km","₹4,52,799"
168,Hatchback,Bengaluru,Maruti,Baleno,ZETA 1.2 K12,2016,Petrol,Manual,"17,406 km","₹6,57,199"
169,Hatchback,Bengaluru,Renault,Kwid,RXT 1.0 EASY-R AT OPTION,2017,Petrol,Automatic,"14,193 km","₹3,81,799"
170,Hatchback,Bengaluru,Hyundai,Grand i10,MAGNA 1.2 VTVT,2017,Petrol,Manual,"12,908 km","₹4,75,099"
171,Sedan,Bengaluru,Hyundai,Xcent,S 1.2,2014,Petrol,Manual,"38,002 km","₹4,82,999"
172,Sedan,Bengaluru,Hyundai,Xcent,SX AT 1.2 OPT,2014,Petrol,Automatic,"52,819 km","₹5,16,199"
173,Sedan,Bengaluru,Hyundai,Verna,FLUIDIC 1.6 SX VTVT,2013,Petrol,Manual,"51,391 km","₹5,88,399"
174,Sedan,Bengaluru,Honda,City,V MT PETROL,2017,Petrol,Manual,"27,403 km","₹8,58,799"
175,Sedan,Bengaluru,Honda,City,SV MT PETROL,2014,Petrol,Manual,"80,312 km","₹5,99,599"
176,Sedan,Bengaluru,Maruti,Dzire,ZXI AMT,2019,Petrol,Automatic,"11,865 km","₹7,70,499"
177,Sedan,Bengaluru,Toyota,Etios,V,2012,Petrol,Manual,"89,408 km","₹4,93,199"
178,Sedan,Bengaluru,Toyota,YARIS,V CVT,2018,Petrol,Manual,"58,923 km","₹8,52,199"
179,Sedan,Bengaluru,Maruti,Swift Dzire,VDI BS IV,2012,Diesel,Manual,"1,30,343 km","₹4,45,199"
180,Sedan,Bengaluru,Maruti,Swift Dzire,VXI AMT,2014,Petrol,Automatic,"33,716 km","₹5,01,999"
181,Sedan,Bengaluru,Volkswagen,Vento,HIGHLINE 1.2 TSI AT,2016,Petrol,Manual,"56,791 km","₹7,78,199"
182,Sedan,Bengaluru,Honda,City,V MT PETROL,2017,Petrol,Manual,"18,986 km","₹8,07,399"
183,Sedan,Bengaluru,Maruti,Dzire,VDI AMT,2017,Diesel,Automatic,"46,873 km","₹6,27,699"
184,Sedan,Bengaluru,Maruti,Swift Dzire,VXI 1.2 BS IV,2014,Petrol,Manual,"51,294 km","₹4,65,299"
185,Sedan,Bengaluru,Skoda,Rapid,AMBITION 1.6 MPI MT PLUS,2014,Petrol,Manual,"90,560 km","₹4,50,399"
186,Sedan,Bengaluru,Volkswagen,Ameo,HIGHLINE PLUS 1.0,2018,Petrol,Manual,"14,079 km","₹6,15,699"
187,Sedan,Bengaluru,Maruti,Swift Dzire,VXI 1.2 BS IV,2014,Petrol,Manual,"41,824 km","₹5,12,499"
188,Sedan,Bengaluru,Maruti,Dzire,VDI,2018,Diesel,Manual,"69,361 km","₹6,30,399"
189,Sedan,Bengaluru,Volkswagen,Vento,HIGHLINE PLUS 1.0 TSI AT,2020,Petrol,Automatic,"8,464 km","₹13,47,999"
190,Sedan,Bengaluru,Honda,Amaze,1.2 SMT I VTEC,2018,Petrol,Manual,"13,311 km","₹6,11,999"
191,Sedan,Bengaluru,Maruti,Dzire,ZXI Plus AMT,2018,Petrol,Automatic,"13,779 km","₹7,43,099"
192,Sedan,Bengaluru,Maruti,Swift Dzire,VDI BS IV,2012,Diesel,Manual,"97,180 km","₹5,09,499"
193,Sedan,Bengaluru,Maruti,Swift Dzire,VXI 1.2 BS IV,2014,Petrol,Manual,"38,392 km","₹4,89,199"
194,Sedan,Bengaluru,Maruti,Swift Dzire,VDI BS IV,2014,Diesel,Manual,"79,550 km","₹5,41,599"
195,Sedan,Bengaluru,Volkswagen,Vento,HIGHLINE PETROL,2017,Petrol,Manual,"8,913 km","₹7,38,299"
196,Sedan,Bengaluru,Hyundai,Verna,1.6 SX VTVT,2017,Petrol,Manual,"27,190 km","₹8,15,499"
197,Sedan,Bengaluru,Ford,Figo Aspire,1.2 TITANIUM PETROL,2020,Petrol,Manual,"8,138 km","₹6,46,599"
198,SUV,Bengaluru,Maruti,Eeco,5 STR WITH AC PLUSHTR,2017,Petrol,Manual,"31,060 km","₹4,03,499"
199,SUV,Bengaluru,Toyota,Innova,2.5 ZX 7 STR BS IV,2014,Diesel,Manual,"60,580 km","₹13,49,699"
200,SUV,Bengaluru,Ford,Ecosport,1.5 TITANIUM TI VCT AT,2016,Petrol,Automatic,"31,885 km","₹7,36,299"
201,SUV,Bengaluru,Maruti,Ertiga,ZDI,2014,Diesel,Manual,"1,36,879 km","₹6,77,499"
202,SUV,Bengaluru,Hyundai,Creta,1.6 SX CRDI,2016,Diesel,,"1,13,574 km","₹8,84,999"
203,SUV,Bengaluru,Ford,Ecosport,1.5 TITANIUM TI VCT,2013,Petrol,Manual,"38,034 km","₹6,24,899"
204,SUV,Bengaluru,Maruti,Eeco,5 STR WITH AC PLUSHTR,2019,Petrol,Manual,"24,484 km","₹4,57,999"
205,SUV,Bengaluru,Maruti,Eeco,7 STR,2019,Petrol,Manual,"15,290 km","₹4,47,999"
206,SUV,Bengaluru,Ford,Ecosport,1.5AMBIENTE TI VCT,2013,Petrol,Manual,"39,771 km","₹6,81,199"
207,SUV,Bengaluru,Maruti,S Cross,ZETA 1.3,2016,Diesel,Manual,"1,46,782 km","₹6,74,199"
208,SUV,Bengaluru,Ford,Ecosport,1.5TITANIUM TDCI,2016,Diesel,Manual,"54,152 km","₹7,90,199"
209,SUV,Bengaluru,Hyundai,VENUE,1.0L Turbo GDI SX(O) MT,2019,Petrol,Manual,"11,423 km","₹10,67,799"
210,SUV,Bengaluru,Renault,Duster,RXL PETROL 104,2016,Petrol,Manual,"27,083 km","₹7,01,399"
211,SUV,Bengaluru,Ford,Ecosport,1.5 TITANIUM TI VCT,2018,Petrol,Manual,"20,398 km","₹8,56,999"
212,SUV,Bengaluru,Ford,Ecosport,1.5 TITANIUM SIGNATURE TI VCT (SUNROOF),2018,Petrol,Manual,"13,002 km","₹10,68,199"
213,SUV,Bengaluru,Ford,Ecosport,1.5 TITANIUM TI VCT AT,2018,Petrol,Automatic,"35,691 km","₹9,80,199"
214,SUV,Bengaluru,Ford,Ecosport,1.5 TITANIUM TI VCT,2019,Petrol,Manual,"17,389 km","₹9,87,299"
215,SUV,Bengaluru,Ford,Ecosport,1.5 TITANIUM PLUS TI VCT AT,2020,Petrol,Manual,"13,853 km","₹10,86,999"
216,SUV,Bengaluru,Ford,Ecosport,1.5 TITANIUM PLUS TI VCT AT,2020,Petrol,Manual,"13,447 km","₹11,13,599"
217,SUV,Bengaluru,Maruti,Eeco,5 STR,2016,Petrol,Manual,"22,828 km","₹3,76,399"
218,SUV,Bengaluru,Maruti,Eeco,5 STR WITH AC PLUSHTR,2017,Petrol,Manual,"38,596 km","₹3,98,499"
219,SUV,Bengaluru,Maruti,Eeco,5 STR WITH AC PLUSHTR,2018,Petrol,Manual,"17,010 km","₹4,14,699"
220,SUV,Bengaluru,Maruti,Eeco,5 STR WITH AC PLUSHTR,2019,Petrol,Manual,"27,918 km","₹4,41,199"
221,SUV,Bengaluru,Maruti,Eeco,5 STR WITH AC PLUSHTR,2019,Petrol,Manual,"8,409 km","₹4,93,699"
222,SUV,Bengaluru,Renault,Duster,RXZ 85 PS DIESEL,2017,Diesel,Manual,"22,087 km","₹8,90,599"
223,SUV,Bengaluru,Maruti,Vitara Brezza,ZDI + AMT,2018,Diesel,Automatic,"20,396 km","₹9,54,299"
224,SUV,Bengaluru,Mahindra,Kuv100,K6 6 STR,2016,Petrol,Manual,"22,163 km","₹4,34,999"
225,SUV,Bengaluru,Tata,NEXON,XZ+ 1.2,2018,Petrol,Manual,"33,996 km","₹7,76,899"
226,SUV,Bengaluru,Maruti,Ertiga,VXI SMART HYBRID,2020,Petrol,Manual,"6,759 km","₹9,19,299"
227,SUV,Bengaluru,Ford,Ecosport,1.5 TITANIUM TI VCT,2013,Petrol,Manual,"68,695 km","₹5,59,399"
228,SUV,Bengaluru,Ford,Ecosport,1.0 TREND+ (ECOBOOST),2015,Petrol,Manual,"24,599 km","₹6,14,799"
229,SUV,Bengaluru,Maruti,Eeco,5 STR WITH AC PLUSHTR,2019,Petrol,Manual,"18,547 km","₹4,15,699"
230,SUV,Bengaluru,Ford,Ecosport,1.5TITANIUM TDCI,2017,Diesel,Manual,"32,162 km","₹7,21,999"
231,SUV,Bengaluru,Honda,WR-V,1.2 i-VTEC VX MT,2017,Petrol,Manual,"57,837 km","₹6,81,599"
232,SUV,Bengaluru,Honda,WR-V,1.2 i-VTEC VX MT,2018,Petrol,Manual,"54,689 km","₹7,30,999"
233,SUV,Bengaluru,Renault,Duster,85 PS RXL OPT,2015,Diesel,Manual,"70,037 km","₹6,64,999"
234,SUV,Bengaluru,Maruti,Vitara Brezza,ZDI PLUS DUAL TONE,2017,Diesel,Manual,"53,007 km","₹7,16,999"
235,SUV,Bengaluru,Maruti,Vitara Brezza,VDI,2019,Diesel,Manual,"27,498 km","₹8,48,399"
236,SUV,Bengaluru,Ford,Ecosport,1.5 TREND+ TDCI,2016,Diesel,Manual,"31,870 km","₹7,12,099"
237,SUV,Bengaluru,Ford,Ecosport,1.5 TITANIUM TI VCT,2019,Petrol,Manual,"17,363 km","₹8,58,399"
238,SUV,Bengaluru,Maruti,Eeco,5 STR WITH AC PLUSHTR,2018,Petrol,Manual,"32,068 km","₹3,87,999"
239,SUV,Bengaluru,Tata,NEXON,XZ+ OPT PETROL,2020,Petrol,Manual,"35,736 km","₹10,45,999"
240,SUV,Bengaluru,Tata,Hexa,Varicor 400 XTA,2017,Diesel,Automatic,"50,519 km","₹13,22,899"
241,SUV,Bengaluru,Honda,WR-V,1.2 i-VTEC VX MT,2017,Petrol,Manual,"44,150 km","₹7,08,899"
242,SUV,Bengaluru,Ford,Ecosport,1.5 TDCI TITANIUM PLUS,2018,Diesel,Manual,"29,824 km","₹9,23,299"
243,Luxury Sedan,Bengaluru,Toyota,Corolla Altis,D 4D G,2014,Diesel,Manual,"64,294 km","₹9,82,999"
244,Luxury Sedan,Bengaluru,Toyota,Corolla Altis,G AT,2016,Petrol,Automatic,"18,351 km","₹10,53,899"
245,Luxury SUV,Bengaluru,Mahindra,XUV500,W10 AT,2016,Diesel,Automatic,"33,057 km","₹10,99,199"
246,Luxury SUV,Bengaluru,Hyundai,Tucson New,4WD AT GLS DIESEL,2017,Diesel,Automatic,"34,941 km","₹20,67,099"
247,Hatchback,Hyderabad,Hyundai,i10,MAGNA 1.2,2010,Petrol,Manual,"24,013 km","₹3,03,499"
248,Hatchback,Hyderabad,Maruti,Swift,ZXI,2017,Petrol,Manual,"45,719 km","₹6,27,499"
249,Hatchback,Hyderabad,Honda,Jazz,1.2 V AT,2017,Petrol,Automatic,"64,497 km","₹6,33,799"
250,Hatchback,Hyderabad,Renault,Kwid,1.0 RXT Opt,2019,Petrol,Manual,"31,559 km","₹4,07,599"
251,Hatchback,Hyderabad,Maruti,Ritz,VXI ABS,2012,Petrol,Manual,"1,16,534 km","₹3,14,399"
252,Hatchback,Hyderabad,Maruti,Alto 800,VXI,2015,Petrol,Manual,"47,374 km","₹2,69,099"
253,Hatchback,Hyderabad,Hyundai,GRAND I10 NIOS,SPORTZ 1.2 AT,2020,Petrol,Automatic,"11,947 km","₹6,61,299"
254,Hatchback,Hyderabad,Maruti,Baleno,DELTA 1.2 K12,2017,Petrol,Manual,"44,103 km","₹5,51,499"
255,Hatchback,Hyderabad,Maruti,Baleno,DELTA 1.2 K12,2018,Petrol,Manual,"9,694 km","₹6,14,099"
256,Hatchback,Hyderabad,Maruti,IGNIS,DELTA 1.2 K12,2018,Petrol,Manual,"37,009 km","₹5,01,899"
257,Hatchback,Hyderabad,Hyundai,Grand i10,SPORTS 1.2 VTVT,2015,Petrol,Manual,"34,590 km","₹4,31,199"
258,Hatchback,Hyderabad,Maruti,Alto K10,VXI,2015,Petrol,Manual,"33,751 km","₹2,82,099"
259,Hatchback,Hyderabad,Hyundai,GRAND I10 NIOS,Asta Petrol,2019,Petrol,Manual,"33,518 km","₹6,55,899"
260,Hatchback,Hyderabad,Maruti,S PRESSO,VXI PLUS,2019,Petrol,Manual,"29,101 km","₹4,63,099"
261,Hatchback,Hyderabad,Hyundai,Grand i10,SPORTS 1.2 VTVT,2015,Petrol,Manual,"33,165 km","₹4,28,999"
262,Hatchback,Hyderabad,Hyundai,Grand i10,MAGNA 1.2 KAPPA VTVT,2016,Petrol,Manual,"7,894 km","₹4,62,099"
263,Hatchback,Hyderabad,Maruti,Swift,VXI OPT,2017,Petrol,Manual,"29,996 km","₹5,10,299"
264,Hatchback,Hyderabad,Hyundai,i20 Active,1.4 SX,2016,Diesel,Manual,"57,997 km","₹6,60,699"
265,Hatchback,Hyderabad,Maruti,Zen Estilo,VXI,2012,Petrol,Manual,"54,445 km","₹2,95,599"
266,Hatchback,Hyderabad,Hyundai,Elite i20,Sportz 1.2 VTVT MT,2016,Petrol,,"24,365 km","₹6,20,199"
267,Hatchback,Hyderabad,Hyundai,Elite i20,ASTA 1.2 (O),2017,Petrol,Manual,"26,729 km","₹6,60,899"
268,Hatchback,Hyderabad,Hyundai,Elite i20,ASTA 1.2 AT,2018,Petrol,,"20,001 km","₹7,52,899"
269,Hatchback,Hyderabad,Maruti,Swift,ZXI AMT,2018,Petrol,Automatic,"18,581 km","₹6,62,099"
270,Hatchback,Hyderabad,Maruti,Alto 800,LXI,2017,Petrol,Manual,"35,080 km","₹3,03,299"
271,Hatchback,Hyderabad,Maruti,Alto 800,LXI OPT,2017,Petrol,Manual,"20,768 km","₹3,05,899"
272,Hatchback,Hyderabad,Maruti,Baleno,ALPHA 1.2 K12,2020,Petrol,Manual,"28,752 km","₹7,46,499"
273,Hatchback,Hyderabad,Hyundai,GRAND I10 NIOS,SPORTZ 1.2 AT,2019,Petrol,Automatic,"4,318 km","₹6,65,099"
274,Hatchback,Hyderabad,Hyundai,Grand i10,MAGNA 1.2 VTVT,2016,Petrol,Manual,"63,674 km","₹4,27,999"
275,Hatchback,Hyderabad,Maruti,Alto K10,VXI,2015,Petrol,Manual,"30,557 km","₹2,80,099"
276,Sedan,Hyderabad,Hyundai,Verna,FLUIDIC 1.6 SX VTVT OPT,2016,Petrol,Manual,"83,328 km","₹6,52,299"
277,Sedan,Hyderabad,Maruti,Swift Dzire,VDI OPT,2017,Diesel,Manual,"19,935 km","₹6,68,199"
278,Sedan,Hyderabad,Maruti,Dzire,ZDI Plus AMT,2017,Diesel,Automatic,"49,145 km","₹6,63,499"
279,Sedan,Hyderabad,Maruti,Dzire,VXI,2019,Petrol,Manual,"3,919 km","₹6,71,299"
280,SUV,Hyderabad,Maruti,Vitara Brezza,ZDI AMT,2018,Diesel,Automatic,"88,052 km","₹8,40,999"
281,SUV,Hyderabad,Maruti,Vitara Brezza,ZDI PLUS DUAL TONE,2019,Diesel,Manual,"47,557 km","₹10,18,399"
282,SUV,Hyderabad,Maruti,Eeco,5 STR WITH AC PLUSHTR,2019,Petrol,Manual,"9,338 km","₹4,56,199"
283,SUV,Hyderabad,Toyota,Innova Crysta,2.4 GX 8 STR,2019,Diesel,Manual,"1,87,298 km","₹14,65,799"
284,SUV,Hyderabad,Honda,WR-V,1.5 i-DTEC VX MT,2017,Diesel,Manual,"36,497 km","₹6,88,699"
285,SUV,Hyderabad,Ford,Ecosport,1.5 TITANIUM PLUS TI VCT AT,2018,Petrol,Manual,"18,130 km","₹8,50,199"
286,SUV,Hyderabad,Maruti,Eeco,5 STR WITH AC PLUSHTR,2019,Petrol,Manual,"11,900 km","₹4,42,099"
