car_type,location,brand,model,version,year,fuel_type,transmission_type,distance_driven,price
SEDAN,Delhi,Toyota,Corolla Altis,1.8 G CVT,2018,Petrol,Automatic,26000.0,1458000.0
HATCHBACK,West Bengal,Nissan,Micra,2012-2017 Diesel XV,2014,Diesel,Manual,61627,300000.0
HATCHBACK,Delhi,Hyundai,i10,Magna,2015,Petrol,Manual,81596,288300.0
HATCHBACK,Maharashtra,Hyundai,i20,2010-2012 1.2 Sportz,2011,Petrol,Manual,52000,350000.0
SUV,Telangana,Mahindra,XUV500,2011-2015 W6-2WD,2013,Diesel,Manual,143000,750000.0
SEDAN,Tripura,Ford,Fiesta Classic,1.4 Duratorq LXI,2012,Diesel,Manual,84000,200000.0
SEDAN,Gujarat,Maruti Suzuki,Ciaz,2014-2017 ZDi Plus,2015,Diesel,Manual,105800,640000.0
SEDAN,Haryana,Skoda,Rapid,1.5 TDI-Active,2012,Diesel,Manual,91000,350000.0
SUV,Maharashtra,Mahindra,TUV 300,T10 AMT Dual Tone,2018,Diesel,Automatic,34700,825000.0
SUV,Haryana,Toyota,Fortuner,3.0 4x4 Manual,2010,Diesel,Manual,87500,899999.0
SEDAN,Karnataka,Honda,City,2011-2013 V MT,2011,Petrol,Manual,77000,430000.0
SEDAN,Karnataka,Skoda,Fabia,Others,2011,Diesel,Manual,42600,340000.0
SUV,Tamil Nadu,Nissan,Terrano,2013-2017 XV 110 PS,2015,Diesel,Manual,105000,580000.0
SEDAN,Maharashtra,Skoda,Rapid,2011-2013 1.6 TDI Elegance,2013,Diesel,Manual,80178,450000.0
SEDAN,Telangana,Skoda,Rapid,2011-2013 1.6 TDI PRESTIGE,2013,Diesel,Manual,66000,500000.0
SEDAN,Karnataka,Honda,City,i-VTEC CVT V,2018,Petrol,Automatic,27000,1020000.0
LUXURY_SUV,Maharashtra,BMW,X1,xDrive 20d xLine,2016,Diesel,Automatic,52000,2300000.0
SUV,Haryana,Maruti Suzuki,S Cross,Alpha DDiS 200 SH,2019,Diesel,Manual,49000,875000.0
SEDAN,Karnataka,Maruti Suzuki,SX4,ZXi,2007,Petrol,Automatic,100000,180000.0
SUV,Maharashtra,Mahindra,XUV500,W9,2019,Diesel,Manual,37800,1500000.0
HATCHBACK,West Bengal,Hyundai,Grand i10,1.2 Kappa Magna,2015,Petrol,Manual,27000,340501.0
SEDAN,Delhi,Toyota,Corolla Altis,1.8 G CVT,2018,Petrol,Automatic,25682,1458300.0
SEDAN,Delhi,Honda,Amaze,S i-VTEC,2016,Petrol,Manual,31612,473500.0
HATCHBACK,West Bengal,Tata,Tiago,1.2 Revotron XZ Plus,2020,Petrol,Manual,8400,550000.0
SUV,Tamil Nadu,Maruti Suzuki,Vitara Brezza,ZDi AMT,2018,Diesel,Automatic,64000,900000.0
SUV,Maharashtra,MG,Hector,Sharp AT,2020,Petrol,Automatic,11853,1900000.0
SUV,West Bengal,Mahindra,XUV500,2011-2015 W8 2WD,2012,Diesel,Manual,140000,600000.0
SEDAN,West Bengal,Honda,City,VX CVT,2015,Petrol,Manual,54000,600000.0
HATCHBACK,Delhi,Hyundai,i10,2007-2010 Sportz 1.2,2009,Petrol,Manual,75000,165000.0
HATCHBACK,Delhi,Renault,KWID,RXL,2018,Petrol,Manual,49000,265000.0
HATCHBACK,Delhi,Volkswagen,Polo,1.2 MPI Highline,2018,Petrol,Manual,70000,575000.0
HATCHBACK,Delhi,Renault,KWID,RXT,2017,Petrol,Manual,39734,290000.0
HATCHBACK,Delhi,Maruti Suzuki,Wagon R,LXI,2012,Petrol,Manual,64000.0,220000.0
SEDAN,Uttar Pradesh,Hyundai,Verna,Fluidic 1.6 CRDi SX,2013,Diesel,Manual,103498,415000.0
SEDAN,Maharashtra,Skoda,Laura,Laura 1.8 TSI Ambiente,2011,Petrol,Manual,95000,230000.0
SUV,Chandigarh,Toyota,Innova,2.5 VX (Diesel) 8 Seater,2013,Diesel,Manual,119000,600000.0
HATCHBACK,Uttar Pradesh,Maruti Suzuki,Wagon R,1999-2006 LX BSIII,2007,Petrol,Manual,213000,70000.0
LUXURY_SEDAN,Maharashtra,Audi,A3,2014-2017 35 TDI Technology Navigation,2017,Diesel,Automatic,33000,2150000.0
SUV,Gujarat,Tata,Safari,4x2 LX DICOR BS-III,2012,Diesel,Manual,70000.0,350000.0
SEDAN,Delhi,Honda,Amaze,2013-2016 E i-Dtech,2015,Diesel,Manual,16,390000.0
HATCHBACK,Delhi,Hyundai,Grand i10,Magna 1.2 Kappa VTVT,2018,CNG & Hybrids,Manual,44314,505000.0
SEDAN,West Bengal,Honda,City,2015-2017 i VTEC CVT VX,2015,Petrol,Automatic,45000,670000.0
HATCHBACK,Delhi,2019,1st,Manual,LXI,Swift,Maruti Suzuki,35972.0,522300.0
HATCHBACK,Madhya Pradesh,Ford,Figo,2010-2012 Diesel ZXI,2010,Diesel,Manual,9000,221000.0
MUV,Maharashtra,Maruti Suzuki,Ertiga,ZXI Plus Petrol,2017,Petrol,Manual,19750,765000.0
HATCHBACK,Uttar Pradesh,Maruti Suzuki,Swift,2011-2014 VDI,2013,Diesel,Manual,125360,500000.0
SEDAN,Maharashtra,Chevrolet,Cruze,2012 LTZ AT,2012,Diesel,Automatic,93784,405000.0
HATCHBACK,Tamil Nadu,Hyundai,i20,2010-2012 1.2 Asta,2010,Diesel,Manual,151000,385000.0
SUV,Karnataka,Mahindra,XUV300,W6,2019,Petrol,Manual,16800,880000.0
SEDAN,Karnataka,Volkswagen,Vento,1.6 Highline,2011,Diesel,Manual,94000,365000.0
SUV,Tamil Nadu,Ford,Ecosport,1.5 Ti VCT MT Ambiente,2018,Diesel,Manual,102810,850000.0
SUV,Tamil Nadu,Renault,Triber,RXZ,2020,Petrol,Automatic,2500,740000.0
HATCHBACK,West Bengal,Maruti Suzuki,Zen Estilo,Others,2010,Petrol,Manual,25000,165501.0
SEDAN,Telangana,Honda,Amaze,i-VTEC Privilege Edition,2017,Petrol,Manual,36000,500000.0
HATCHBACK,West Bengal,Hyundai,Grand i10,1.2 Kappa Magna,2015,Petrol,Manual,27000,340501.0
SEDAN,Maharashtra,Honda,Civic,1.8 V AT,2010,Petrol,Automatic,98000,300000.0
SUV,Delhi,Mahindra,XUV500,2011-2015 W8-2WD,2012,Diesel,Manual,110000,455000.0
HATCHBACK,Maharashtra,Ford,Figo,Titanium,2012,Petrol,Manual,66000,190000.0
SUV,Telangana,Hyundai,Creta,1.6 E Plus,2018,Petrol,Manual,20000,1040000.0
LUXURY_SUV,Maharashtra,BMW,X1,sDrive 20d xLine,2018,Diesel,Automatic,36000,3500000.0
HATCHBACK,Rajasthan,Maruti Suzuki,Wagon R,LXI,2006,Petrol,Manual,160000,125000.0
HATCHBACK,Maharashtra,Hyundai,Elite i20,Magna Executive 1.2,2018,Petrol,Automatic,10100,650000.0
HATCHBACK,Madhya Pradesh,Hyundai,i10,2007-2010 Sportz 1.2,2009,Petrol,Manual,82000,215000.0
SEDAN,Karnataka,Ford,Fiesta,EXi 1.4 Ltd,2007,Diesel,Manual,135000,220000.0
HATCHBACK,Gujarat,Fiat,Grande Punto,EVO 1.3 Active,2014,Diesel,Manual,124000,250000.0
HATCHBACK,Maharashtra,Maruti Suzuki,Wagon R,1999-2006 LXI,2005,Petrol,Automatic,200000,75000.0
HATCHBACK,Karnataka,Chevrolet,Beat,2010-2013 Option Pack,2012,Petrol,Manual,37296,263000.0
SEDAN,Rajasthan,Honda,Amaze,2013-2016 S i-Dtech,2014,Diesel,Manual,104000,380000.0
LUXURY_SEDAN,Gujarat,Audi,A6,3.0 TDI Quattro Technology,2010,Diesel,Automatic,78000,445000.0
SUV,Tamil Nadu,Toyota,Innova,2.5 EV (Diesel) PS 7 Seater BS IV,2009,Diesel,Manual,80600,1100000.0
HATCHBACK,Haryana,Maruti Suzuki,Swift,2004-2010 LXi BSIV,2010,CNG & Hybrids,Manual,118000,250000.0
HATCHBACK,Tamil Nadu,Volkswagen,Polo,2009-2013 Diesel Comfortline 1.2L,2013,Diesel,Manual,96000,410000.0
HATCHBACK,Tamil Nadu,Nissan,Micra,2010-2012 XL,2012,Petrol,Manual,85000,300000.0
SEDAN,Telangana,Honda,City,2011-2013 S,2013,Petrol,Manual,70000,700000.0
HATCHBACK,Delhi,Tata,Altroz,2020,Petrol,Manual,"9,000 km",1,744600.0
SUV,Delhi,Mahindra,Scorpio,2009-2014 SLE BSIV,2012,Diesel,Manual,65000,425000.0
HATCHBACK,Uttar Pradesh,Hyundai,i10,Magna,2013,Petrol,Manual,73.0,215800.0
SUV,Karnataka,Kia,Seltos,GTX Plus AT D,2020,Diesel,Automatic,22000,1925000.0
HATCHBACK,West Bengal,Chevrolet,Beat,2010-2013 Diesel LS,2012,Diesel,Manual,65000,127000.0
SEDAN,Telangana,Hyundai,Verna,2011-2014 1.6 SX VTVT (O) AT,2019,Petrol,Manual,23391,1200000.0
HATCHBACK,Delhi,Hyundai,i20,e i20 2014-2015 Magna 1.2,2014,Petrol,Manual,62303,460000.0
SEDAN,Delhi,Hyundai,Verna,2011-2014 1.6 SX,2014,Diesel,Manual,78283,450000.0
HATCHBACK,Maharashtra,Hyundai,i20,2010-2012 1.4 CRDi Magna,2012,Diesel,Manual,81606,360000.0
SEDAN,Telangana,Honda,City,2000-2003 1.5 EXI,2000,Petrol,Manual,100000,165000.0
HATCHBACK,Maharashtra,Volkswagen,Polo,GT TSI,2019,Petrol,Automatic,10135,875000.0
SEDAN,Maharashtra,Volkswagen,Jetta,2.0L TDI Highline AT,2013,Diesel,Automatic,82690,645000.0
HATCHBACK,Maharashtra,Maruti Suzuki,Wagon R,2006-2010 LXI Minor,2010,Petrol,Manual,23500,180000.0
HATCHBACK,Madhya Pradesh,Maruti Suzuki,800,Std,2003,LPG,Manual,50000,50000.0
HATCHBACK,West Bengal,Hyundai,i20,2012-2014 Asta Optional with Sunroof 1.2,2014,Petrol,Manual,28000,499999.0
HATCHBACK,Maharashtra,Maruti Suzuki,Celerio,ZXI MT,2020,Petrol,Manual,5145,550000.0
SUV,Telangana,Honda,WR-V,Honda WR-V Edge Edition i-DTEC S,2017,Diesel,Manual,70350,830000.0
HATCHBACK,Karnataka,Chevrolet,Aveo U-VA,Others,2009,Petrol,Manual,45000,195000.0
LUXURY_SUV,Maharashtra,Audi,Q3,2.0 TDI Quattro,2014,Diesel,Manual,68000,1200000.0
HATCHBACK,Maharashtra,Maruti Suzuki,800,AC,1985,Petrol,Manual,20000,80000.0
SEDAN,Uttar Pradesh,Honda,Amaze,S CVT Petrol,2019,Petrol,Automatic,16000,780000.0
SEDAN,Delhi,Hyundai,Verna,2011-2014 1.6 SX,2013,Diesel,Manual,79874,450000.0
SEDAN,Uttar Pradesh,Maruti Suzuki,SX4,2007-2012 Vxi BSIV,2008,CNG & Hybrids,Manual,94500,185999.0
SUV,Tamil Nadu,Renault,Duster,2012-2015 85PS Diesel RxL,2013,Diesel,Manual,62000,500000.0
HATCHBACK,Maharashtra,Hyundai,Santro Xing,XL,2006,Petrol,Manual,59000,125000.0
HATCHBACK,Telangana,Maruti Suzuki,Baleno,1.2 Zeta,2018,Petrol,Manual,24000,610000.0
MUV,Maharashtra,2015,1st,Manual,VXI CNG,Ertiga,Maruti Suzuki,52708.0,699300.0
SUV,Maharashtra,Tata,Hexa,XTA,2019,Diesel,33000.0 km,1,1590000.0
SEDAN,Delhi,Toyota,Corolla Altis,1.8 G CVT,2018,Petrol,Automatic,25682,1457200.0
HATCHBACK,Telangana,Maruti Suzuki,Baleno,DualJet Zeta,2017,Petrol,Manual,51100,590000.0
SEDAN,Maharashtra,Skoda,Rapid,2011-2013 1.6 TDI Ambition,2012,Diesel,Manual,85000,350000.0
MUV,Tamil Nadu,Maruti Suzuki,Ertiga,2012-2015 VDI,2015,Diesel,Manual,106000,725000.0
HATCHBACK,Maharashtra,Maruti Suzuki,Baleno,1.2 CVT Alpha,2019,Petrol,Automatic,30000,875000.0
HATCHBACK,Karnataka,Maruti Suzuki,Zen,LXI,2004,Petrol,Manual,70000,180000.0
HATCHBACK,West Bengal,Honda,Jazz,1.5 S i DTEC,2017,Diesel,Manual,54000,430000.0
HATCHBACK,Kerala,Maruti Suzuki,Ritz,Vdi BS-IV,2012,Diesel,Manual,80000,280000.0
SUV,Tamil Nadu,Honda,CR-V,2.4L 4WD AT AVN,2006,Petrol,Manual,82822,275000.0
SEDAN,Tamil Nadu,Honda,City,2011-2013 VTEC,2012,Petrol,Manual,94500,550000.0
SUV,Telangana,Ford,Ecosport,2013-2015 1.5 Ti VCT MT Titanium,2014,Diesel,Manual,120000,600000.0
SUV,Tamil Nadu,Ford,Ecosport,Titanium 1.5 TDCi (Opt),2013,Diesel,Manual,83600,525000.0
SEDAN,Tamil Nadu,Skoda,Rapid,2013-2016 1.6 MPI Ambition Plus,2015,Diesel,Manual,52000,550000.0
SUV,Tamil Nadu,Maruti Suzuki,S Cross,Alpha DDiS 200 SH,2018,Diesel,Manual,53000,950000.0
HATCHBACK,West Bengal,Renault,KWID,1.0 RXL,2018,Petrol,Manual,2218,320000.0
HATCHBACK,Tamil Nadu,Maruti Suzuki,Baleno,1999-2007 LXI,2004,Petrol,Manual,187000,200000.0
HATCHBACK,Telangana,Hyundai,Elite i20,1.4 CRDI Asta (O),2018,Diesel,Manual,36000,870000.0
HATCHBACK,West Bengal,Volkswagen,Polo,1.2 MPI Trendline,2012,Petrol,Manual,51200,225000.0
HATCHBACK,Madhya Pradesh,Hyundai,Santro Xing,GL,2009,Petrol,Manual,43000,185000.0
SUV,Uttar Pradesh,Fiat,Avventura,MULTIJET Emotion,2015,Diesel,Manual,110900,280000.0
HATCHBACK,Telangana,Maruti Suzuki,Ritz,VDi,2013,Diesel,Manual,109000,340000.0
HATCHBACK,Uttar Pradesh,Maruti Suzuki,Baleno,Alpha,2018,Diesel,Manual,44950,675000.0
SUV,Tamil Nadu,Mahindra,TUV 300,T8 AMT,2017,Diesel,Automatic,100000,750000.0
HATCHBACK,Telangana,Tata,Indica V2,2009-2011 DLS,2008,Diesel,Manual,108523,87000.0
HATCHBACK,Telangana,Maruti Suzuki,Zen,VX,2000,Petrol,Manual,64000,50000.0
HATCHBACK,Maharashtra,Honda,Brio,1.2 S MT,2014,Petrol,Manual,25550,297000.0
HATCHBACK,West Bengal,Maruti Suzuki,800,Std,1998,Petrol,Manual,51855,50000.0
SUV,Punjab,Jeep,Compass,2.0 Limited,2018,Diesel,Manual,57000,1395000.0
HATCHBACK,Tamil Nadu,Maruti Suzuki,Zen,LX,2003,Petrol,Manual,60000,95000.0
HATCHBACK,Maharashtra,Maruti Suzuki,Swift,VXI Deca,2016,Petrol,Manual,48000,475000.0
SUV,West Bengal,BMW,X3,xDrive20d xLine,2012,Diesel,Automatic,52000,1351000.0
HATCHBACK,West Bengal,Volkswagen,Polo,1.5 TDI Highline,2015,Diesel,Manual,44000,399501.0
SEDAN,West Bengal,Honda,City,i-VTEC CVT VX,2010,Petrol,Automatic,39000,305000.0
SUV,Telangana,MG,Hector,SHARP DCT PETROL,2019,Petrol,Automatic,23600,1920000.0
SEDAN,West Bengal,Hyundai,Xcent,1.2 CRDi E,2017,Diesel,Manual,47140,410000.0
MUV,Maharashtra,Maruti Suzuki,Ertiga,VDI,2013,Diesel,Automatic,90000,500000.0
SUV,Karnataka,Mahindra,Scorpio,2002-2013 VLX,2007,Diesel,Manual,115000,350000.0
SEDAN,West Bengal,Honda,City,VX CVT,2010,Petrol,Automatic,35000,299500.0
HATCHBACK,Uttar Pradesh,Hyundai,EON,Era Plus,2018,Petrol,Manual,29899.0,310200.0
HATCHBACK,West Bengal,Hyundai,Grand i10,Magna 1.2 Kappa VTVT,2017,Petrol,Manual,30267,399000.0
HATCHBACK,Karnataka,Chevrolet,Beat,2014-2016 Diesel LS,2014,Diesel,Manual,98000,235000.0
HATCHBACK,West Bengal,Maruti Suzuki,Alto K10,VXI,2016,Petrol,Manual,32000,265000.0
SEDAN,Telangana,Honda,City,1997-2006 1.5 GXI CVT,2004,Petrol,Automatic,55000,199999.0
HATCHBACK,West Bengal,Ford,Figo,2010-2012 Petrol EXI,2011,Petrol,Manual,51900,170000.0
SEDAN,Maharashtra,Skoda,Rapid,Elegance 1.6 TDI CR Manual,2012,Diesel,Manual,58000,485000.0
SEDAN,Maharashtra,Hyundai,Verna,2006-2009 CRDi ABS,2007,Diesel,Manual,114000,220000.0
LUXURY_SEDAN,Maharashtra,BMW,6 Series,2011-2014 640d Coupe,2013,Diesel,Automatic,34212,2800000.0
MUV,Delhi,Maruti Suzuki,Ertiga,2012-2015 VXI CNG,2013,CNG & Hybrids,Manual,71398,541000.0
SUV,West Bengal,Renault,Duster,Petrol RxE,2017,Petrol,Manual,16000.0,625000.0
SUV,West Bengal,Tata,Hexa,XM,2019,Diesel,Manual,24000.0,1100000.0
SEDAN,Gujarat,Honda,Civic,1.8 V MT,2011,Petrol,Manual,48000,399990.0
SEDAN,Telangana,Honda,City,2015-2017 i VTEC CVT SV,2017,Petrol,Automatic,19000,900000.0
HATCHBACK,Gujarat,Maruti Suzuki,Wagon R,2006-2010 LXI Minor,2008,Petrol,Manual,86000,160000.0
HATCHBACK,West Bengal,Hyundai,Grand i10,1.2 Kappa Magna,2015,Petrol,Manual,21000,340501.0
HATCHBACK,Maharashtra,Maruti Suzuki,Wagon R,2006-2010 LXI Minor,2008,CNG & Hybrids,Manual,92000,140000.0
SEDAN,Maharashtra,Skoda,Laura,Ambiente 2.0 TDI CR Manual,2010,Diesel,Manual,118000,285000.0
SUV,Telangana,Maruti Suzuki,Vitara Brezza,VDi,2017,Diesel,Manual,30300,870000.0
MUV,Maharashtra,Chevrolet,Tavera,2003-2007 LT L1 7 Seats BSII,2007,Diesel,Manual,215000,250000.0
HATCHBACK,West Bengal,Hyundai,i10,1.2 Kappa Magna,2008,Petrol,Manual,85000,150000.0
HATCHBACK,West Bengal,Hyundai,EON,D-Lite +,2013,Petrol,Manual,13772,260000.0
HATCHBACK,Telangana,Hyundai,Santro Xing,GLS,2008,Petrol,Manual,75600,210000.0
HATCHBACK,Haryana,Hyundai,Grand i10,2013-2016 CRDi Asta,2014,Diesel,Manual,85000,300000.0
SUV,Telangana,Mahindra,Bolero,SLE,2012,Diesel,Manual,134000,370000.0
HATCHBACK,West Bengal,Maruti Suzuki,Swift,LDI BSIV,2015,Diesel,Manual,45274,395000.0
HATCHBACK,Delhi,Maruti Suzuki,Wagon R,VXI,2013,CNG & Hybrids,Manual,79200.0,244420.0
HATCHBACK,Delhi,Volkswagen,Polo,1.2 MPI Highline Plus,2017,Petrol,Manual,38744.0,538200.0
HATCHBACK,Telangana,Maruti Suzuki,Baleno,1.2 Delta,2021,Petrol,Manual,7100,810000.0
SEDAN,West Bengal,Hyundai,Verna,CRDi 1.6 SX,2012,Diesel,Manual,35000,395000.0
SUV,Maharashtra,Hyundai,Creta,1.5 SX,2020,Petrol,Manual,15101,1550000.0
HATCHBACK,Maharashtra,Honda,Jazz,VX CVT,2019,Petrol,Automatic,10825,825000.0
HATCHBACK,Maharashtra,Hyundai,Grand i10 Nios,Sportz AMT 1.2 Kappa VTVT,2019,Petrol,Automatic,12086,740000.0
SEDAN,Madhya Pradesh,Skoda,Fabia,2010-2015 1.2 MPI Elegance,2011,Petrol,Manual,57000,251000.0
SEDAN,Delhi,Hyundai,Fluidic Verna,1.6 CRDi SX Automatic,2014,Diesel,Automatic,64000,520000.0
MUV,Delhi,Maruti Suzuki,Ertiga,2012-2015 VDI,2014,Diesel,Manual,59490,440000.0
SUV,Maharashtra,Mahindra,TUV 300,T8 AMT,2016,Diesel,Automatic,55000,675000.0
HATCHBACK,Delhi,Maruti Suzuki,Swift,LXI,2019,Petrol,Manual,35972.0,534400.0
HATCHBACK,West Bengal,2017,1st,Manual,T,GO Plus,Datsun,8500.0,325000.0
MUV,West Bengal,Maruti Suzuki,Ertiga,2012-2015 VXI,2014,Petrol,Manual,36078,550000.0
SUV,Maharashtra,Toyota,Innova,2.5 GX (Diesel) 8 Seater,2010,Diesel,Manual,108000.0,535000.0
SUV,Maharashtra,Renault,Duster,85PS Diesel RxL,2015,Diesel,Manual,66000,565000.0
SUV,Uttar Pradesh,Ford,Ecosport,2013-2015 1.5 DV5 MT Ambiente,2014,Diesel,Manual,70000,470000.0
SEDAN,Uttar Pradesh,Toyota,Corolla Altis,1.8 G CVT,2018,Petrol,Automatic,25,1465600.0
SEDAN,Delhi,Toyota,Corolla Altis,1.8 G CVT,2018,Petrol,Automatic,25682,1458300.0
SEDAN,Delhi,Maruti Suzuki,Swift Dzire,ZDI,2015,Diesel,Manual,60536,471500.0
SEDAN,Delhi,Maruti Suzuki,Swift Dzire,ZDI,2015,Diesel,Manual,60536,471500.0
HATCHBACK,Delhi,Hyundai,Elite i20,Sportz 1.2,2017,Petrol,Manual,7455,604800.0
HATCHBACK,Delhi,Maruti Suzuki,Swift,LXI 2018,2019,Petrol,Manual,35972,522300.0
SEDAN,Haryana,Toyota,Corolla Altis,1.8 G CVT,2018,Petrol,Automatic,25682,1457200.0
HATCHBACK,Haryana,Tata,Altroz,Others,2020,Petrol,Manual,9070,740200.0
HATCHBACK,Delhi,Tata,Altroz,Others,2020,Petrol,Manual,9070,736500.0
HATCHBACK,Delhi,Tata,Altroz,Others,2021,Petrol,Manual,9070,732900.0
HATCHBACK,Delhi,Maruti Suzuki,Baleno,1.2 Alpha,2019,Petrol,Manual,20608,742200.0
HATCHBACK,Delhi,Maruti Suzuki,Baleno,Alpha,2019,Petrol,Manual,20277,742200.0
SEDAN,West Bengal,Hyundai,Elantra,1.6 SX Option,2013,Diesel,Manual,34000,579501.0
HATCHBACK,Delhi,Maruti Suzuki,Swift,VDI,2017,Diesel,Manual,48130.0,504600.0
HATCHBACK,Delhi,Hyundai,i10,Magna 1.1L,2015,Petrol,Manual,81596.0,288300.0
HATCHBACK,Delhi,Hyundai,Elite i20,Sportz 1.2,2018,Petrol,Manual,26804,613200.0
SEDAN,Delhi,Honda,City,2008-2011 1.5 V MT,2010,Petrol,Manual,88,260000.0
SEDAN,Delhi,Honda,City,V Automatic (AVN),2017,Petrol,Manual,85527,781900.0
SEDAN,Delhi,Honda,Amaze,S i-VTEC,2016,Petrol,Manual,31612,469800.0
SUV,Delhi,Honda,WR-V,i-VTEC VX,2019,Petrol,Manual,26503,839900.0
HATCHBACK,Delhi,Maruti Suzuki,Celerio,2014-2017 ZXI,2017,Petrol,Manual,47034,391100.0
HATCHBACK,Delhi,Hyundai,Grand i10,Asta Automatic 1.2 Kappa VTVT,2015,Petrol,Automatic,52000,460100.0
HATCHBACK,Delhi,Hyundai,Grand i10,2013-2016 AT Asta,2015,Petrol,Automatic,52806,459000.0
SEDAN,Delhi,Toyota,Corolla Altis,1.8 G CVT,2018,Petrol,Automatic,13832.0,1402000.0
SUV,Uttar Pradesh,Maruti Suzuki,Vitara Brezza,ZDi Plus Dual Tone,2017,Diesel,Manual,66700.0,765900.0
SUV,Uttar Pradesh,Maruti Suzuki,Vitara Brezza,ZDi Plus Dual Tone,2017,Diesel,Manual,66700.0,765900.0
HATCHBACK,Delhi,Maruti Suzuki,Alto 800,2012-2016 CNG LXI,2016,CNG & Hybrids,Manual,77.0,270400.0
SUV,Delhi,Tata,Nexon,1.2 Revotron XM,2018,Petrol,Manual,13500.0,630000.0
SUV,Delhi,Maruti Suzuki,XL6,Zeta AT,2019,Petrol,Manual,12616,970000.0
HATCHBACK,Delhi,Hyundai,EON,Magna +,2014,Petrol,Manual,30737.0,231000.0
HATCHBACK,Delhi,Hyundai,Elite i20,Sportz 1.2,2017,Petrol,Manual,11,620600.0
SEDAN,Delhi,Toyota,Corolla Altis,1.8 G CVT,2018,Petrol,Automatic,25682,1459500.0
SUV,West Bengal,Toyota,Innova,2.5 EV (Diesel) PS 8 Seater BS IV,2011,Diesel,Manual,155000,548000.0
SUV,Haryana,Honda,WR-V,Edge Edition i-VTEC S,2019,Petrol,Manual,13928.0,725100.0
HATCHBACK,Delhi,Maruti Suzuki,Alto 800,VXI,2016,Petrol,Manual,61113.0,248400.0
SUV,West Bengal,Mahindra,XUV500,W8 2WD,2014,Diesel,Manual,51000,647501.0
SUV,West Bengal,Mahindra,XUV500,W8 2WD,2013,Diesel,Manual,51000,585501.0
HATCHBACK,Delhi,Hyundai,EON,Magna Plus,2015,Petrol,Manual,30737.0,217000.0
SUV,West Bengal,Renault,Duster,110PS Diesel RxL,2016,Diesel,Manual,48000,491500.0
HATCHBACK,Uttar Pradesh,Hyundai,Grand i10,Asta Automatic 1.2 Kappa VTVT,2015,Petrol,Automatic,52000.0,460100.0
HATCHBACK,Delhi,Tata,Altroz,Others,2020,Petrol,Manual,9500.0,744600.0
SUV,Delhi,Hyundai,Creta,1.4 CRDi S,2016,Diesel,Manual,59581.0,746100.0
SUV,Delhi,Hyundai,Creta,1.4 CRDi S,2016,Diesel,Manual,59581.0,747000.0
HATCHBACK,Delhi,Hyundai,i10,Magna 1.1L,2015,Petrol,Manual,81847,296000.0
HATCHBACK,Haryana,Hyundai,Elite i20,Sportz 1.2,2018,Petrol,Manual,26942.0,618000.0
HATCHBACK,Delhi,Hyundai,Elite i20,Sportz 1.2,2017,Petrol,Manual,7455.0,617300.0
SUV,Delhi,Maruti Suzuki,Vitara Brezza,ZDi Plus,2019,Diesel,Manual,59500.0,828900.0
HATCHBACK,Delhi,Maruti Suzuki,Swift,VDI,2017,Diesel,Manual,48130,504600.0
HATCHBACK,Delhi,Hyundai,Elite i20,Sportz 1.2,2017,Petrol,Manual,7455,604800.0
SEDAN,Karnataka,Ford,Fiesta,2004-2010 1.4 Duratec ZXI,2007,Petrol,Automatic,108000,180000.0
MUV,West Bengal,Mahindra,Quanto,C4,2014,Diesel,Manual,19000,400000.0
HATCHBACK,West Bengal,Hyundai,Santro Xing,GL CNG BSIV,2010,Petrol,Manual,42000,120000.0
HATCHBACK,Uttar Pradesh,Volkswagen,Polo,2009-2013 Diesel Highline 1.2L,2013,Diesel,Manual,115800,240000.0
SEDAN,Karnataka,Hyundai,Verna,2011-2014 1.6 SX,2013,Diesel,Manual,52645,550000.0
SUV,Karnataka,Ford,Ecosport,2013-2015 1.0 Ecoboost Titanium,2013,Petrol,Manual,64000,550000.0
SUV,Tamil Nadu,Mitsubishi,Outlander,Outlander 2.4 MIVEC,2010,Petrol,Automatic,114000,525000.0
SEDAN,Karnataka,Honda,Amaze,2013-2016 EX i-Vtech,2014,Petrol,Manual,55000,425000.0
HATCHBACK,Gujarat,Volkswagen,Polo,2009-2013 Diesel Trendline 1.2L,2011,Diesel,Manual,77000,225000.0
SUV,Maharashtra,Mahindra,XUV500,2011-2015 W8 2WD,2014,Diesel,Manual,70000,628000.0
HATCHBACK,Maharashtra,Fiat,Grande Punto,EVO Power UP 1.3 Active,2011,Diesel,Manual,98000,250000.0
HATCHBACK,Karnataka,Hyundai,Elite i20,Asta 1.2,2015,Petrol,Manual,72000,580000.0
SEDAN,Maharashtra,Tata,Manza,LX Quadrajet,2012,Diesel,Manual,89000,280000.0
HATCHBACK,West Bengal,Maruti Suzuki,Wagon R,1999-2006 LXI,2006,Petrol,Manual,52000,100000.0
HATCHBACK,Maharashtra,Maruti Suzuki,Baleno,1.2 Alpha,2016,Petrol,Manual,44000,590000.0
HATCHBACK,Haryana,Hyundai,Elite i20,Sportz 1.2,2017,Petrol,Manual,7455,617300.0
HATCHBACK,Uttar Pradesh,Hyundai,Elite i20,Sportz 1.2,2018,Petrol,Manual,61865.0,633800.0
SEDAN,Delhi,Maruti Suzuki,Swift Dzire,VXI,2015,Petrol,Manual,53340,429500.0
SEDAN,Delhi,Toyota,Corolla Altis,1.8 G CVT,2018,Petrol,Automatic,25682,1457200.0
HATCHBACK,Uttar Pradesh,Hyundai,Grand i10,Asta 1.2 Kappa VTVT,2015,Petrol,Automatic,52600,459000.0
SUV,Haryana,Maruti Suzuki,XL6,Zeta,2020,Petrol,Manual,8900.0,954000.0
HATCHBACK,Delhi,Hyundai,i20,1.2 Spotz,2018,Petrol,Manual,35818.0,605800.0
SEDAN,Delhi,Toyota,Corolla Altis,1.8 G CVT,2018,Petrol,Automatic,25682.0,1457200.0
HATCHBACK,Delhi,Maruti Suzuki,Alto,Green LXi (CNG),2016,CNG & Hybrids,Manual,64754.0,286200.0
HATCHBACK,Delhi,Hyundai,Grand i10,Asta Automatic 1.2 Kappa VTVT,2015,Petrol,Automatic,52000,459000.0
HATCHBACK,Delhi,Hyundai,Grand i10,Asta Automatic 1.2 Kappa VTVT,2015,Petrol,Automatic,52806,460000.0
SUV,Uttar Pradesh,Maruti Suzuki,XL6,Zeta,2020,Petrol,Manual,8947.0,954000.0
HATCHBACK,Uttar Pradesh,Maruti Suzuki,Swift,LXI Option,2017,Petrol,Manual,10029.0,464700.0
MUV,Haryana,Maruti Suzuki,Ertiga,ZXI Plus Petrol,2020,Petrol,Manual,8947.0,954000.0
HATCHBACK,Uttar Pradesh,Maruti Suzuki,Wagon R,VXI,2013,CNG & Hybrids,Manual,75000.0,246200.0
SEDAN,Uttar Pradesh,Honda,City,V,2017,Petrol,Automatic,85527.0,791700.0
HATCHBACK,Haryana,Tata,Altroz,Others,2021,Petrol,Manual,9070.0,744600.0
HATCHBACK,Delhi,Volkswagen,Polo,1.2 MPI Highline Plus,2017,Petrol,Manual,38000,537000.0
SUV,Uttar Pradesh,Hyundai,Creta,1.6 VTVT Anniversary Edition,2016,Petrol,Manual,39000.0,864000.0
SUV,Uttar Pradesh,Hyundai,Creta,1.6 CRDi Anniversary Edition,2017,Petrol,Manual,39244.0,865800.0
HATCHBACK,Haryana,Volkswagen,Polo,1.2 MPI Highline Plus,2017,Petrol,Manual,38744,538200.0
HATCHBACK,Haryana,Tata,Altroz,Others,2020,Petrol,Manual,9070.0,744600.0
HATCHBACK,Delhi,Tata,Altroz,Others,2021,Petrol,Manual,9070,744600.0
SEDAN,Delhi,Maruti Suzuki,Swift Dzire,VXI,2015,Petrol,Manual,53276.0,429500.0
SUV,Delhi,Ford,Ecosport,2013-2015 1.5 DV5 MT Trend,2014,Diesel,Manual,65152,450000.0
HATCHBACK,Uttar Pradesh,Maruti Suzuki,Swift,LXI 2018,2019,Petrol,Manual,35972,534400.0
HATCHBACK,Uttar Pradesh,Hyundai,i10,Magna,2013,Petrol,Manual,73745.0,215800.0
HATCHBACK,Delhi,Renault,KWID,RXL,2017,CNG & Hybrids,Manual,34000,325000.0
SEDAN,Delhi,Toyota,Corolla Altis,G,2018,Petrol,Manual,25682,1415200.0
HATCHBACK,Haryana,Tata,Altroz,Others,2020,Petrol,Manual,9070.0,744600.0
HATCHBACK,Delhi,Hyundai,i10,Magna,2011,Petrol,Manual,52529.0,179100.0
HATCHBACK,Haryana,Hyundai,Santro Xing,XE,2007,Petrol,Manual,80000,80000.0
HATCHBACK,Uttar Pradesh,Maruti Suzuki,Wagon R,VXI,2017,Petrol,Manual,16952.0,394300.0
SUV,West Bengal,Ford,Endeavour,3.2 Titanium AT 4X4,2011,Diesel,Manual,30000,655500.0
SUV,West Bengal,Jeep,Compass,2.0 Sport,2017,Diesel,Manual,36000,1198501.0
SEDAN,Delhi,Maruti Suzuki,Swift Dzire,VXI,2015,Petrol,Manual,53276.0,429500.0
HATCHBACK,Delhi,Hyundai,i20,Sportz 1.2 BS-IV,2017,Petrol,Manual,7455.0,616300.0
SEDAN,West Bengal,Volkswagen,Vento,1.5 TDI Highline,2013,Diesel,Manual,41000,279501.0
HATCHBACK,Delhi,Hyundai,i20,Sportz 1.2 BS-IV,2018,Petrol,Manual,26804.0,616900.0
MUV,Maharashtra,Toyota,Innova Crysta,2.4 VX MT,2016,Diesel,Manual,89500,1600000.0
HATCHBACK,Delhi,Maruti Suzuki,Swift,VDI BS IV,2017,Diesel,Manual,48134.0,487200.0
SUV,West Bengal,Ford,Ecosport,1.5 TDCi Titanium Plus,2017,Diesel,Manual,20000,657501.0
HATCHBACK,Delhi,Maruti Suzuki,Swift,2018 LXI,2019,Petrol,Manual,35972,534400.0
SEDAN,Delhi,Toyota,Corolla Altis,1.8 G CVT,2018,Petrol,Automatic,25.0,1465600.0
SEDAN,Uttar Pradesh,Honda,City,i-VTEC CVT V,2017,Petrol,Automatic,85527.0,792800.0
SEDAN,Uttar Pradesh,Honda,City,i-VTEC CVT V,2017,Petrol,Automatic,85527.0,791700.0
SUV,Delhi,Renault,Triber,RXT,2019,Petrol,Manual,8775,599000.0
HATCHBACK,Delhi,Hyundai,Grand i10,Magna 1.2 Kappa VTVT,2018,CNG & Hybrids,Manual,44314,505000.0
HATCHBACK,Delhi,Hyundai,i20,Petrol Spotz,2013,Petrol,Manual,93460.0,301600.0
SUV,West Bengal,Mahindra,TUV 300,T6 PLUS,2016,Diesel,Manual,138000.0,450000.0
HATCHBACK,Delhi,Renault,KWID,RXT,2017,Petrol,Manual,39000,290000.0
HATCHBACK,Uttar Pradesh,Tata,Altroz,Others,2020,Petrol,Manual,9070.0,736500.0
SUV,Maharashtra,Hyundai,Creta,1.6 E Plus,2018,Petrol,Manual,39181,925000.0
HATCHBACK,Telangana,Maruti Suzuki,Alto 800,2012-2016 CNG LXI,2012,Petrol,Manual,93000,230000.0
HATCHBACK,Uttar Pradesh,Maruti Suzuki,Celerio,ZXI MT,2017,Petrol,Manual,47.0,391100.0
HATCHBACK,Delhi,Volkswagen,Polo,2009-2013 Petrol Comfortline 1.2L,2010,Petrol,Manual,63000.0,200000.0
HATCHBACK,Delhi,Hyundai,i10,Magna,2015,Petrol,Manual,81596.0,288300.0
HATCHBACK,Delhi,Hyundai,Elite i20,Sportz 1.2,2018,Petrol,Manual,26804.0,610100.0
SEDAN,Delhi,Maruti Suzuki,Swift Dzire,VXI,2015,Petrol,Manual,53276.0,418000.0
SUV,Delhi,Honda,WR-V,i-VTEC VX,2019,Petrol,Manual,26503,825300.0
HATCHBACK,Delhi,Maruti Suzuki,Swift,VDI,2017,Diesel,Manual,48130.0,487200.0
HATCHBACK,Delhi,Hyundai,i10,Magna,2015,Petrol,Manual,81596,288300.0
HATCHBACK,Delhi,Hyundai,Elite i20,Sportz 1.2,2017,Petrol,Manual,7455.0,605000.0
SUV,West Bengal,Mahindra,XUV500,W10 AWD,2016,Diesel,Manual,70000.0,1040000.0
SEDAN,Telangana,Ford,Ikon,1.3 Flair,2004,Petrol,Manual,19000,180000.0
SEDAN,West Bengal,Hyundai,Verna,CRDi 1.6 SX,2012,Diesel,Manual,41000,399501.0
HATCHBACK,Delhi,Hyundai,Elite i20,Sportz 1.2,2018,Petrol,Manual,7455,612600.0
HATCHBACK,Delhi,Hyundai,Elite i20,Sportz 1.2,2017,Petrol,Manual,7455.0,604800.0
SUV,West Bengal,Ford,Endeavour,2007-2009 XLT TDCi 4X4,2007,Diesel,Manual,50000,566501.0
SEDAN,Delhi,Volkswagen,Ameo,1.2 MPI Highline,2017,Petrol,Manual,87055,475000.0
SEDAN,West Bengal,Maruti Suzuki,Ciaz S,2018,Diesel,Manual,"68,101 km",1,650000.0
HATCHBACK,Delhi,Maruti Suzuki,Baleno,1.2 Alpha,2019,Petrol,Manual,20277.0,734400.0
SEDAN,Delhi,Maruti Suzuki,Swift Dzire,VXI,2015,Petrol,Manual,53276.0,417900.0
HATCHBACK,West Bengal,Hyundai,i20,Asta Option,2015,Petrol,Manual,40000,489501.0
HATCHBACK,Delhi,Maruti Suzuki,Baleno,1.2 Alpha,2019,Petrol,Manual,20277.0,742200.0
HATCHBACK,Delhi,Renault,KWID,1.0 RXT Optional,2017,Petrol,Manual,33803.0,267300.0
HATCHBACK,Delhi,Maruti Suzuki,Swift,LXI,2019,Petrol,Manual,21625,482000.0
MUV,Delhi,Maruti Suzuki,Ertiga,VXI AT,2019,Petrol,Automatic,18998.0,903000.0
HATCHBACK,Uttar Pradesh,Maruti Suzuki,Swift,LXI 2018,2019,Petrol,Manual,35972.0,530700.0
HATCHBACK,Uttar Pradesh,Renault,KWID,1.0 RXT Optional,2017,Petrol,Manual,33803.0,277000.0
SEDAN,West Bengal,Hyundai,Fluidic Verna,1.6 VTVT SX,2013,Petrol,Manual,42000,425501.0
SEDAN,West Bengal,Hyundai,Elantra,1.6 SX,2013,Diesel,Manual,41000,539501.0
HATCHBACK,Delhi,Maruti Suzuki,Baleno,1.2 Alpha,2019,Petrol,Manual,20277.0,742200.0
SEDAN,Delhi,Maruti Suzuki,Swift Dzire,VXI,2015,Petrol,Manual,53276.0,429500.0
HATCHBACK,Uttar Pradesh,Renault,KWID,1.0 RXT Optional,2017,Petrol,Manual,33803.0,277000.0
SEDAN,West Bengal,Hyundai,Fluidic Verna,1.6 VTVT SX,2013,Petrol,Manual,42000,425501.0
SEDAN,West Bengal,Hyundai,Elantra,1.6 SX,2013,Diesel,Manual,41000,539501.0
HATCHBACK,Telangana,Honda,Jazz,1.5 V i DTEC,2017,Diesel,Manual,71613,639000.0
SEDAN,Delhi,Hyundai,Verna,2011-2014 1.6 SX,2014,Diesel,Manual,78283,450000.0
HATCHBACK,Delhi,Maruti Suzuki,Celerio,2014-2017 ZXI,2017,Petrol,Manual,47034,375900.0
HATCHBACK,Delhi,Renault,KWID,1.0 RXT Optional,2017,Petrol,Manual,33803.0,267300.0
HATCHBACK,Delhi,Hyundai,Grand i10,Sportz 1.2 Kappa VTVT,2018,Petrol,Manual,25189,480300.0
SUV,Delhi,Honda,WR-V,i-VTEC VX,2019,Petrol,Manual,26503,828900.0
SUV,Delhi,Honda,WR-V,i-VTEC VX,2019,Petrol,Manual,26503,825300.0
HATCHBACK,Uttar Pradesh,Maruti Suzuki,Celerio,VXI AMT,2018,Petrol,Manual,449340,455000.0
SEDAN,Uttar Pradesh,Maruti Suzuki,Ciaz,2014-2017 ZDi-SHVS,2017,Diesel,Manual,56635.0,668000.0
SEDAN,Delhi,2012,1st,Manual,2011-2013 Corporate Edition,City,Honda,99446.0,397000.0
SEDAN,Uttar Pradesh,Honda,City,i-VTEC V,2019,Petrol,Manual,12216.0,927800.0
HATCHBACK,Delhi,Maruti Suzuki,Swift,VDI,2017,Diesel,Manual,48130.0,504600.0
SEDAN,Delhi,Toyota,Corolla Altis,1.8 G CVT,2018,Petrol,Automatic,25850,1458300.0
HATCHBACK,Delhi,Maruti Suzuki,Swift,VDI BS IV,2017,Diesel,Manual,48134.0,491000.0
HATCHBACK,Delhi,Maruti Suzuki,Celerio,ZXI AMT,2018,Petrol,Automatic,9975.0,487200.0
SEDAN,Delhi,Toyota,Corolla Altis,1.8 G CVT,2018,Petrol,Automatic,26000.0,1458000.0
SEDAN,Delhi,Toyota,Corolla Altis,G,2018,Petrol,Automatic,25682.0,1459500.0
SEDAN,Delhi,Toyota,Corolla Altis,1.8 G CVT,2018,Petrol,Automatic,25682,1458300.0
HATCHBACK,Delhi,Maruti Suzuki,Swift,VDI,2017,Diesel,Manual,48130.0,487200.0
HATCHBACK,Haryana,Maruti Suzuki,Baleno,1.2 Delta,2018,Petrol,Manual,13.0,583800.0
HATCHBACK,Haryana,Hyundai,Elite i20,Sportz 1.2,2017,Petrol,Manual,11,627800.0
SEDAN,Delhi,Hyundai,Xcent,2014-2016 1.2 Kappa SX,2016,Petrol,Manual,21752.0,381200.0
SEDAN,Delhi,Toyota,Corolla Altis,1.8 G CVT,2018,Petrol,Manual,25682.0,1459500.0
SEDAN,Delhi,Toyota,Corolla Altis,1.8 G CVT,2018,Petrol,Automatic,25682.0,1415200.0
HATCHBACK,Delhi,Maruti Suzuki,Swift,VDI BS IV,2017,Diesel,Manual,48134.0,487200.0
SEDAN,West Bengal,Hyundai,Elantra,1.6 SX Option,2013,Diesel,Manual,34000,579501.0
SEDAN,Delhi,Maruti Suzuki,Ciaz,2014-2017 AT ZXi Plus,2016,Petrol,Manual,69069.0,631000.0
SUV,Delhi,Mahindra,Scorpio,2009-2014 SLE BSIV,2012,Diesel,Manual,65000,425000.0
HATCHBACK,Haryana,Maruti Suzuki,Baleno,Delta,2019,Petrol,Manual,13832.0,596000.0
SUV,Haryana,Maruti Suzuki,Vitara Brezza,ZDi Plus Dual Tone,2016,Diesel,Manual,68811.0,702000.0
HATCHBACK,Haryana,Hyundai,Elite i20,Sportz (O) 1.2,2017,Petrol,Manual,11372,627800.0
HATCHBACK,Delhi,Renault,KWID,RXL,2018,Petrol,Manual,27296,228900.0
HATCHBACK,Delhi,Maruti Suzuki,Swift,LXI,2019,Petrol,Manual,21625,482000.0
HATCHBACK,Haryana,Maruti Suzuki,Baleno,1.2 Delta,2019,Petrol,Manual,13832.0,583000.0
HATCHBACK,Delhi,Maruti Suzuki,Celerio,VXI MT,2020,Petrol,Manual,7633.0,487000.0
HATCHBACK,Delhi,Hyundai,Elite i20,Sportz 1.2,2017,Petrol,Manual,11,624100.0
SEDAN,Delhi,Maruti Suzuki,Swift Dzire,ZDI,2015,Petrol,Manual,60500.0,481800.0
SEDAN,Delhi,Maruti Suzuki,Swift Dzire,ZDI,2015,Diesel,Manual,60536.0,481800.0
SEDAN,Delhi,Honda,City,2015-2017 i VTEC V,2016,Petrol,Manual,35726.0,657300.0
HATCHBACK,Delhi,Hyundai,Grand i10,2013-2016 AT Asta,2015,Petrol,Automatic,52806.0,459000.0
HATCHBACK,Uttar Pradesh,Renault,KWID,AMT RXL,2017,Petrol,Automatic,33782.0,277300.0
SUV,Delhi,Maruti Suzuki,Vitara Brezza,ZDi Plus,2019,Diesel,Manual,59500.0,828900.0
HATCHBACK,Delhi,Hyundai,Grand i10,2013-2016 AT Asta,2015,Petrol,Automatic,52806.0,444000.0
MUV,Maharashtra,2015,1st,Manual,VXI CNG,Ertiga,Maruti Suzuki,52708.0,699300.0
HATCHBACK,Uttar Pradesh,Maruti Suzuki,Swift,LXI 2018,2019,Petrol,Manual,35972.0,530700.0
LUXURY_SEDAN,Delhi,2012,1st,Automatic,2.0 TDI Premium Plus,A6,Audi,60000.0,1150000.0
HATCHBACK,Delhi,2015,1st,Automatic,Asta 1.2 Kappa VTVT,Grand i10,Hyundai,52806.0,444200.0
HATCHBACK,Delhi,Renault,KWID,1.0 RXT Optional,2018,Petrol,Manual,58000,350000.0
HATCHBACK,Uttar Pradesh,Hyundai,Elite i20,Sportz 1.2,2018,Petrol,Manual,61865.0,633800.0
SEDAN,Delhi,Honda,Amaze,S i-VTEC,2016,Petrol,Manual,31612,473500.0
HATCHBACK,Uttar Pradesh,Hyundai,EON,Era Plus,2018,Petrol,Manual,29899.0,310200.0
HATCHBACK,Uttar Pradesh,Maruti Suzuki,Baleno,1.2 Delta,2019,Petrol,Manual,39291.0,613600.0
SEDAN,Uttar Pradesh,Honda,City,i-VTEC V,2019,Petrol,Manual,12216.0,924000.0
SUV,Delhi,Maruti Suzuki,Vitara Brezza,ZDi Plus,2019,Diesel,Manual,59500.0,825300.0
SEDAN,Maharashtra,Honda,City,Others,2005,CNG & Hybrids,Manual,90000,125000.0
HATCHBACK,Haryana,Hyundai,Elite i20,Sportz 1.2,2017,Petrol,Manual,35818.0,602100.0
SEDAN,Gujarat,Maruti Suzuki,Swift Dzire,VDI Optional,2013,Diesel,Manual,83000,375000.0
HATCHBACK,Uttar Pradesh,Hyundai,Elite i20,Sportz 1.2,2017,Petrol,Manual,35.0,602100.0
HATCHBACK,Uttar Pradesh,Hyundai,Grand i10,1.2 Kappa Magna,2017,Petrol,Manual,33.0,429500.0
SUV,Delhi,2018,1st,Manual,VDi,Vitara Brezza,Maruti Suzuki,55.0,715300.0
HATCHBACK,Uttar Pradesh,Hyundai,EON,Era +,2018,Petrol,Manual,29.0,310200.0
HATCHBACK,Uttar Pradesh,Renault,KWID,1.0 RXT Optional,2017,Petrol,Manual,32.0,299200.0
SEDAN,Haryana,Honda,Amaze,2013-2016 S i-Vtech,2016,Petrol,Manual,31.0,469800.0
SUV,West Bengal,2017,1st,Manual,2015-2017 DDiS 320 Zeta,S Cross,Maruti Suzuki,35000.0,650000.0
HATCHBACK,West Bengal,2017,1st,Manual,T,GO Plus,Datsun,8500.0,325000.0
HATCHBACK,Uttar Pradesh,Maruti Suzuki,Swift,2018 LXI,2019,Petrol,Manual,35,522300.0
HATCHBACK,Uttar Pradesh,Maruti Suzuki,Swift,LXI,2019,Petrol,Manual,35145.0,534400.0
SEDAN,Haryana,2016,1st,Manual,S Petrol,Amaze,Honda,31612.0,469800.0
SUV,Uttar Pradesh,Hyundai,Creta,1.6 CRDi SX,2015,Diesel,Manual,67.0,802900.0
HATCHBACK,Uttar Pradesh,Maruti Suzuki,Baleno,1.2 Delta,2019,Petrol,Manual,39.0,613600.0
HATCHBACK,Delhi,Maruti Suzuki,Swift,LXI,2019,Petrol,Manual,35972,534400.0
HATCHBACK,Delhi,2018,1st,Manual,Asta 1.2,Elite i20,Hyundai,14494.0,692400.0
HATCHBACK,Delhi,Hyundai,Elite i20,Asta 1.2,2018,Petrol,Manual,14494.0,692400.0
HATCHBACK,Delhi,Hyundai,Elite i20,Sportz 1.2,2017,Petrol,Manual,35181,602100.0
SUV,Uttar Pradesh,Maruti Suzuki,Vitara Brezza,ZDi Plus Dual Tone,2017,Diesel,Manual,67666.0,764300.0
HATCHBACK,Delhi,Hyundai,Elite i20,Asta 1.2,2018,Petrol,Manual,14494.0,692400.0
HATCHBACK,Delhi,Hyundai,Santro Xing,GLS,2014,Petrol,Manual,22223.0,260300.0
SEDAN,Haryana,2016,1st,Manual,2013-2016 S i-Vtech,Amaze,Honda,31612.0,469800.0
SEDAN,Delhi,Honda,Amaze,2013-2016 S i-Vtech,2016,Petrol,Manual,31612.0,469800.0
HATCHBACK,Delhi,2017,1st,Manual,1.0 RXT Optional,KWID,Renault,32363.0,299200.0
HATCHBACK,Delhi,2019,1st,Manual,LXI,Swift,Maruti Suzuki,35972.0,522300.0
HATCHBACK,Delhi,Hyundai,Grand i10,Magna 1.2 Kappa VTVT,2016,Petrol,Manual,33000.0,400000.0
SUV,West Bengal,Toyota,Fortuner,Others,2015,Diesel,Manual,53500,1595501.0
HATCHBACK,West Bengal,Hyundai,Grand i10,Magna 1.2 Kappa VTVT,2017,Petrol,Manual,30267,399000.0
SEDAN,Uttar Pradesh,Hyundai,Xcent,2016-2017 1.2 Kappa Base,2016,CNG & Hybrids,Manual,68000,390000.0
SUV,West Bengal,Mahindra,TUV 300,2016,"138,466 km",Manual,Diesel,1,525000.0
HATCHBACK,Karnataka,Hyundai,i20,Sportz 1.4 CRDI 6 Speed BS-IV,2011,Diesel,Manual,43000,357500.0
HATCHBACK,Maharashtra,Hyundai,i20,2010-2012 1.4 CRDi Magna,2012,Diesel,Manual,81606,360000.0
SUV,Karnataka,Ford,Ecosport,1.5 Petrol Titanium Plus AT,2014,Petrol,Automatic,123000,625000.0
MINIVAN,Gujarat,Maruti Suzuki,Eeco,5 STR WITH A/C+HTR,2010,CNG & Hybrids,Manual,21,190000.0
HATCHBACK,West Bengal,Volkswagen,Polo,1.5 TDI Comfortline,2013,Diesel,Manual,42000,319500.0
HATCHBACK,Gujarat,Hyundai,i20,2010,Petrol,Manual,"61,918 km",2,305425.0
HATCHBACK,Maharashtra,Chevrolet,Beat,2010-2013 Diesel LT,2012,Diesel,Manual,72000,215000.0
HATCHBACK,Maharashtra,Maruti Suzuki,Wagon R,2006-2010 LXI Minor,2010,CNG & Hybrids,Manual,47000,200000.0
HATCHBACK,West Bengal,Hyundai,i20 Active,S Petrol,2016,Petrol,Manual,31000,512000.0
SEDAN,Delhi,Honda,City,2014-2015 i DTEC SV,2014,Diesel,Manual,72000,550000.0
SUV,Karnataka,Tata,Nexon,1.5 Revotorq XZ Plus,2017,Diesel,Manual,62500,825000.0
HATCHBACK,Delhi,2014,1st,Manual,2013-2016 Magna,Grand i10,Hyundai,33.0,334205.0
SEDAN,Karnataka,2012,3rd,Automatic,VXi AT,Swift Dzire,Maruti Suzuki,73171.0,390000.0
SUV,West Bengal,Toyota,Fortuner,3.0 Limited Edition,2015,Diesel,Manual,68000,1625501.0
HATCHBACK,Tamil Nadu,2017,1st,Manual,T,RediGO,Datsun,36423.0,272500.0
SUV,Maharashtra,2014,1st,Manual,Diesel,110PS Diesel RxZ AWD,Duster,renault,571200.0
SEDAN,Telangana,Honda,City,1997-2006 1.5 EXI S,1998,Petrol,Manual,110484,110000.0
SEDAN,Uttar Pradesh,Renault,Scala,RxL,2013,Diesel,Manual,145000,230000.0
HATCHBACK,Tamil Nadu,Hyundai,Elite i20,Sportz 1.4,2017,Diesel,Manual,75600,600000.0
SUV,Delhi,Mahindra,Thar,700 CRDe ABS,2019,Diesel,Manual,28600,1031000.0
HATCHBACK,Maharashtra,Hyundai,i10,Sportz 1.1L,2015,Petrol,Manual,50196,399998.0
HATCHBACK,Maharashtra,Hyundai,i10,Sportz 1.1L,2015,Petrol,"50,196 km",1,399999.0
HATCHBACK,Delhi,2012,1st,Manual,Petrol,Era Plus,EON,hyundai,171200.0
HATCHBACK,Maharashtra,Fiat,Palio,1.2 EL PS,2002,Petrol,Manual,63000,88999.0
LUXURY_SEDAN,West Bengal,Mercedes-Benz,E-Class,E 200 CGI,2012,Petrol,Automatic,33000,1120000.0
SEDAN,West Bengal,Hyundai,Fluidic Verna,1.6 VTVT SX,2014,Petrol,Manual,44000,445000.0
LUXURY_SEDAN,West Bengal,2008,1st,Automatic,200 CGI Sport,CLA,Mercedes-Benz,62000.0,545000.0
SEDAN,Maharashtra,Hyundai,Accent,VIVA ABS,2004,Petrol,Manual,79719,115000.0
SEDAN,Maharashtra,Chevrolet,Cruze,LTZ,2013,Diesel,Manual,74497,419997.0
HATCHBACK,Madhya Pradesh,Hyundai,Santro,Others,2003,Petrol,Manual,90738,82000.0
SEDAN,Tamil Nadu,Mitsubishi,Lancer,Others,2004,Diesel,Manual,160000,165000.0
SEDAN,Maharashtra,Hyundai,Verna,VTVT 1.6 SX,2018,Petrol,Manual,7600,950000.0
LUXURY_SEDAN,Delhi,BMW,3 Series,320i Sedan,2008,Petrol,Automatic,52000,400000.0
SUV,Karnataka,Toyota,Innova,2.5 EV PS 7 STR BS-III,2013,Diesel,Manual,250000,1050000.0
